ID,first_name,last_name,company_name,address,city,county,postal,email,MDM_ID,MDM_ID_NUM
0018d000006ytVSCLQ,Aleshia,Tomkiewicz,Alan D Rosenburg Cpa Pc,14 Taylor St,St. Stephens Ward,Kent,CT2 7PP,atomkiewicz@hotmail.com,SF_BR_1,1
0018d000006ytVSCLR,Evan,Zigomalas,Cap Gemini America,5 Binney St,Abbey Ward,Buckinghamshire,HP11 2AX,evan.zigomalas@gmail.com,SF_BR_2,2
0018d000006ytVSCLS,France,Andrade,"Elliott, John W Esq",8 Moor Place,East Southbourne and Tuckton W,Bournemouth,BH6 3BE,france.andrade@hotmail.com,SF_BR_3,3
0018d000006ytVSALT,,,"Mcmahan, Ben L",505 Exeter Rd,Hawerby cum Beesby,Lincolnshire,DN36 5RP,,SF_BR_4,4
0018d000006ytVSALU,Tyisha,Veness,Champagne Room,5396 Forth Street,Greets Green and Lyng Ward,West Midlands,B70 9DT,tyisha.veness@hotmail.com,SF_BR_5,5
0018d000006ytVSCLV,Eric,Rampy,"Thompson, Michael C Esq",9472 Lind St,Desborough,,NN14 2GH,erampy@rampy.co.uk,SF_BR_6,6
0018d000006ytVSCLW,Marg,Grasmick,Wrangle Hill Auto Auct & Slvg,,Bargate Ward,Southampton,SO14 3TY,marg@hotmail.com,SF_BR_7,7
0018d000006ytVSCLX,Laquita,Hisaw,In Communications Inc,20 Gloucester Pl,Chirton Ward,Tyne & Wear,NE29 7AD,laquita@yahoo.com,SF_BR_8,8
0018d000006ytVSCLY,Lura,Manzella,Bizerba Usa Inc,929 Augustine St,Staple Hill Ward,South Gloucestershire,BS16 4LL,lura@hotmail.com,SF_BR_9,9
0018d000006ytVSCLZ,Yuette,Klapec,Max Video,45 Bradfield St,Parwich,Derbyshire,DE6 1QN,yuette.klapec@klapec.co.uk,SF_BR_10,10
0018d000006ytTSCMC,Fernanda,,K & R Associates Inc,620 Northampton St,Wilmington,Kent,DA2 7PP,fernanda@writer.co.uk,SF_BR_11,11
0018d000006ytQSCMC,Charlesetta,Erm,"Cain, John M Esq",5 Hygeia St,Loundsley Green Ward,Derbyshire,S40 4LY,charlesetta_erm@gmail.com,SF_BR_12,12
0018d000006ytVSCMC,Corrinne,Jaret,Sound Vision Corp,2150 Morley St,Dee Ward,Dumfries and Galloway,DG8 7DE,corrinne_jaret@gmail.com,SF_BR_13,13
0018d000006ytVSCMD,Niesha,Bruch,Rowley/hansell Petetin,24 Bolton St,,West Lothian,EH52 5TL,niesha.bruch@yahoo.com,SF_BR_14,14
0018d000006ytVSCME,Rueben,Gastellum,Industrial Engineering Assocs,4 Forrest St,Weston-Super-Mare,North Somerset,BS23 3HG,rueben_gastellum@gastellum.co.uk,SF_BR_15,15
0018d000006ytVSCMF,,Throssell,Weiss Spirt & Guyer,89 Noon St,Carbrooke,Norfolk,IP25 6JQ,mthrossell@throssell.co.uk,SF_BR_16,16
0018d000006ytVSCMG,Edgar,Kanne,"Crowan, Kenneth W Esq",99 Guthrie St,New Milton,Hampshire,BH25 5DF,edgar.kanne@yahoo.com,SF_BR_17,17
0018d000006ytVSCMH,Dewitt,Julio,Rittenhouse Motor Co,7 Richmond St,Parkham,Devon,EX39 5DJ,dewitt.julio@hotmail.com,SF_BR_18,18
0018d000006ytVSCMI,Charisse,Spinello,Modern Plastics Corp,9165 Primrose St,Darnall Ward,"Yorkshire, South",S4 7WN,charisse_spinello@spinello.co.uk,SF_BR_19,19
0018d000006ytVSCMJ,Mee,Lapinski,Galloway Electric Co Inc,9 Pengwern St,Marldon,Devon,,mee.lapinski@yahoo.com,SF_BR_20,20
0018d000006ytVSCMK,Peter,Gutierres,Niagara Custombuilt Mfg Co,4410 Tarlton St,Prestatyn Community,Denbighshire,LL19 9EG,peter_gutierres@yahoo.com,SF_BR_21,21
0018d000006ytVSCML,Octavio,Salvadore,Practical Periphrals,,Lye and Stourbridge North Ward,West Midlands,DY5 2QP,octavio.salvadore@yahoo.com,SF_BR_22,22
0018d000006ytVSCMM,Martha,Teplica,"Curtin, Patricia M Esq",148 Rembrandt St,Warlingham,Surrey,CR6 9SW,mteplica@teplica.co.uk,SF_BR_23,23
0018d000006ytVSCMN,Tamesha,Veigel,"Wilhelm, James E Jr",2200 Nelson St,Newport,Isle of Wight,PO30 5AL,tveigel@veigel.co.uk,SF_BR_24,24
0018d000006ytVSCMO,Tess,Sitra,Smart Signs,61 Rossett St,Chichester,West Sussex,PO19 1RH,tess_sitra@hotmail.com,SF_BR_25,25
0018d000006ytASCMP,Leonard,Kufner,Arctic Star Distributing Inc,41 Canning St,,Western Isles,HS1 2PZ,lkufner@kufner.co.uk,SF_BR_26,26
0018d000006ytVSCMQ,Svetlana,Tauras,"Lensbower, Gregory L Esq",8289 Cadogan St,South Ward,North Eart Lincolnshire,DN33 1AU,svetlana_tauras@tauras.co.uk,SF_BR_27,27
0018d000006ytVSCMR,,Molaison,Portal Metal Products,211 Hobart St,Newquay,Cornwall,TR7 1LS,pok@yahoo.com,SF_BR_28,28
0018d000006ytVSCMS,Augustine,Growcock,"Lynema, Cliff Cpa",114 Falkland St,Brimpton,,RG7 4RF,augustine.growcock@growcock.co.uk,SF_BR_29,29
0018d000006ytVSCMT,Karma,Quarto,J C S Machinery,1 Birkett St,Shard End Ward,West Midlands,B33 0NH,kquarto@gmail.com,SF_BR_30,30
0018d000006ytVSCMU,Reed,Weisinger,"Berick, Joseph G Esq",5147 Blackstone St,Letchworth South West Ward,,SG6 3LE,reed_weisinger@yahoo.com,SF_BR_31,31
0018d000006ytVSCMV,German,Zelaya,Jackson & Heit Machine Co Inc,7 Shenstone St,Longhill Ward,"Yorkshire, East (North Humbers",HU8 9PZ,german@hotmail.com,SF_BR_32,32
0018d000006ytVSCMW,Milly,,Bridgeway Plan For Health,,Franche Ward,Hereford and Worcester,DY11 9BW,milly@gmail.com,SF_BR_33,33
0018d000006ytVSCMX,Luis,Ear,Wa Inst For Plcy Studies,2 Birchfield Rd,Whittington,Shropshire,SY11 4PH,luis@hotmail.com,SF_BR_34,34
0018d000006ytVSCMY,Ciara,Cobbley,Wmgl 101.7 Fm,7523 Kempton Rd,Cockerton West Ward,Darlington,DL3 0JF,ciara_cobbley@hotmail.com,SF_BR_35,35
0018d000006ytBSCMZ,Alethea,Mould,"Hughlett, Henry T Jr",6305 Elstow St,Castle Ward,West Sussex,,alethea@hotmail.com,SF_BR_36,36
0018d000006ytSSCNC,Margurite,Loperfido,Penrose Place Pharmacy Inc,218 Greenbank Drive,Devizes,Wiltshire,SN10 3DU,mloperfido@gmail.com,SF_BR_37,37
0018d000006ytCSCNC,Vernice,Sperazza,"Novak, Alan Paul Esq",8921 Forge St,,Buckinghamshire,SL3 0PY,vernice@yahoo.com,SF_BR_38,38
0018d000006ytVSCNC,Vicente,Rawicki,B & S Tool And Cutter Svc Inc,3060 St Ambrose Grove,Aldridge Central and South War,West Midlands,WS9 8UR,vicente_rawicki@hotmail.com,SF_BR_39,39
0018d000006ytVSCND,Craig,Cua,"Berry, John M Esq",8388 Bessemer St,East Putney Ward,Greater London,SW15 2RP,,SF_BR_40,40
0018d000006ytVSCNE,Jenise,Dulle,"Alden, Michael H Esq",87 Pownall Sq,Sawston,Cambridgeshire,CB22 3BB,jenise.dulle@hotmail.com,SF_BR_41,41
0018d000006ytVSCNF,Marylin,Cornelison,Ernest E Heuer & Company Pc,39 Wye St,Wakefield North Ward,West Yorkshire,WF1 1DR,marylin_cornelison@yahoo.com,SF_BR_42,42
0018d000006ytVSCNG,,Gunst,"Frankel, Stephen",2732 Bostock St,St. Enoder,Cornwall,TR9 6NJ,mgunst@yahoo.com,SF_BR_43,43
0018d000006ytVSCNH,Annett,Bunselmeyer,Guynes Design Inc,5562 Fairfield St,Ryde,Isle of Wight,PO33 1HH,abunselmeyer@hotmail.com,SF_BR_44,44
0018d000006ytVSCNI,Kip,Turziano,General Appraisal Co,37 Meadow St,Laindon Park Ward,Essex,SS15 6LE,kip.turziano@yahoo.com,SF_BR_45,45
0018d000006ytVSCNJ,Melina,Orizabal,Sheraton Inn Ocean Front,3 Nevison St,Lymington and Pennington,Hampshire,SO41 1DL,,SF_BR_46,46
0018d000006ytVSCNK,Tina,Clapham,Cooper Myers Y Co,5662 William Moult St,Aylesbury,Buckinghamshire,HP21 8PP,rclasham@gmail.com,SF_BR_47,47
0018d000006ytVSCNL,Luisa,Devereux,Cash 4 Checks,3 North View,Burmantofts and Richmond Hill ,West Yorkshire,LS9 7JH,ldevereux@gmail.com,SF_BR_48,48
0018d000006ytVSCNM,Pedro,,Charlotte Chamber,135 Opie St,Howard Town Ward,Derbyshire,SK13 8BB,paschoff@yahoo.com,SF_BR_49,49
0018d000006ytVSCNN,Carrol,Kunimitsu,Kisc 98 Kiss Fm,1 Askew St,Farnham,,GU9 9AS,carrol_kunimitsu@yahoo.com,SF_BR_50,50
0018d000006ytVSCNO,Alba,Mosseri,"Schwartzbard, Gail L Esq",4 Burnall St,Beeston West Ward,Nottinghamshire,NG9 1AE,alba@gmail.com,SF_BR_51,51
0018d000006ytVSCNP,Domonique,Sandlin,Marketing Horizons Inc,95 Denton St,Wollaton West Ward,Nottinghamshire,NG8 2NB,domonique@hotmail.com,SF_BR_52,52
0018d000006ytVSCNQ,Rory,Neufville,"Brady, Brad J Esq",5 Chadwick St,Llangeler Community,Ceredigion,SA44 5HF,rory_neufville@neufville.co.uk,SF_BR_53,53
0018d000006ytVSCNR,Dustin,Klingaman,Welders Supply,67 Micawber St,Brockley Ward,Greater London,SE14 6RQ,dklingaman@gmail.com,SF_BR_54,54
0018d000006ytVSCNS,Lyndia,Moonshower,Bomarko Inc,43 Williamson St,Meads Ward,East Sussex,BN20 7HB,lyndia_moonshower@moonshower.co.uk,SF_BR_55,55
0018d000006ytVSCNT,Jules,Hiltner,"Benitez, Brigida Esq",5 Howe St,"Broxburn, Uphall and Winchburg",West Lothian,EH52 6NF,jules@yahoo.com,SF_BR_56,56
0018d000006ytVSCNU,Dong,Kopczynski,Kennedy Scales Inc,7 Cheapside,St. Ive,Cornwall,PL14 5PA,dkopczynski@kopczynski.co.uk,SF_BR_57,57
0018d000006ytVSCNV,Justine,Salta,Barajas & Bustamante Archl,85 Bridgewater St,,West Midlands,B34 7BP,justine_salta@yahoo.com,SF_BR_58,58
0018d000006ytVSCNW,Chantay,Kamens,Brewster Wallcoverings Co,763 Parkfield Rd,Norton Canes,Staffordshire,WS11 9RH,,SF_BR_59,59
0018d000006ytVSCNX,Tequila,Chisum,Bohs Well Drilling Inc,,Bulwell Ward,Nottinghamshire,NG6 8RG,tequila.chisum@chisum.co.uk,SF_BR_60,60
0018d000006ytVSCNY,Maybelle,Consolazio,"Gavin, Lee W Esq",5410 Lawton St,Treorchy Community,Rhondda Cynon Taff,CF42 6PL,mconsolazio@yahoo.com,SF_BR_61,61
0018d000006ytVSCNZ,Margarett,Bairo,"Reid, Carleton B Esq",3 August Rd,Maybury and Sheerwater Ward,Surrey,GU21 5QL,margarett@gmail.com,SF_BR_62,62
0018d000006ytTSCOC,Janessa,Noonon,"Canterbury, Christopher C",476 Starkie St,Westgate Ward,Gloucestershire,GL1 1QW,jnoonon@yahoo.com,SF_BR_63,63
0018d000006ytUSCOC,Sol,Cowser,Omni Mandalay,6448 Tillard St,Conisbrough and Denaby Ward,South Yorkshire,DN12 4JF,sol@gmail.com,SF_BR_64,64
0018d000006ytVSCOC,Louann,Smethers,Lba Savings Bank,3055 Creswick St,Newbold and Brownsover Ward,Warwickshire,CV21 1LN,louann@gmail.com,SF_BR_65,65
0018d000006ytXSCOD,,Yadao,"Lutz, Christopher T Esq",7 Jolliffe St,,Cheshire,CW10 9GB,lindsay_yadao@yadao.co.uk,SF_BR_66,66
0018d000006ytVSCOE,Malika,Hanton,Association Of Art Museum Dir,1175 Greig St,St. Marys Ward,Greater Manchester,,malika@gmail.com,SF_BR_67,67
0018d000006ytVSCOF,Stefany,Ferenz,L & L Sales Co Inc,636 Portland Place,Gresham Ward,Middlesbrough,TS1 4RG,stefany@hotmail.com,SF_BR_68,68
0018d000006ytVSCOG,Abraham,Cratch,"Cavuto, John A",41 Benedict St,Aldborough Ward,Greater London,IG2 7QG,acratch@gmail.com,SF_BR_69,69
0018d000006ytVSCOH,Giuseppe,Rohaley,Pacific Coast Packaging,62 Margaret St,Royal Hospital Ward,Greater London,SW3 4ND,giuseppe@yahoo.com,SF_BR_70,70
0018d000006ytVSCOI,Kiera,Bassil,Storm Eye Institute,5152 Sophia St,Woodstock Ward,,BS15 8DS,kbassil@bassil.co.uk,SF_BR_71,71
0018d000006ytVSCOJ,Wendell,Rubano,Automation Engrg & Mfg Inc,1 Back Canning St,Dunblane and Bridge of Allan W,Stirling,FK9 4LD,wendell_rubano@hotmail.com,SF_BR_72,72
0018d000006ytVSCOK,Stevie,Stifflemire,Packaging Corp Of America,9 Gradwell St,Kempshott Ward,Hampshire,RG22 5HA,stevie_stifflemire@stifflemire.co.uk,SF_BR_73,73
0018d000006ytVSCOL,Yun,Paletta,"Goe, Douglas E Esq",9205 Upper Hill St,City and Hunslet Ward,West Yorkshire,LS1 5QE,yun_paletta@paletta.co.uk,SF_BR_74,74
0018d000006ytVSCOM,Brittani,Thurm,Burgess Steel Products Corp,9 Horatio St,Ruckinge,Kent,TN26 2PN,bthurm@yahoo.com,SF_BR_75,75
0018d000006ytVSCON,Billy,Venus,Tipton & Hurst,61 Miriam St,Abbey Road Ward,Greater London,,billy.venus@yahoo.com,SF_BR_76,76
0018d000006ytVSCOO,Brynn,Elkan,A O Hardee & Son Inc,67 Pulford St,Prittlewell Ward,Essex,SS2 6NL,brynn@yahoo.com,SF_BR_77,77
0018d000006ytVSCOP,Elroy,Piehler,"Jonson, Geo D Esq",821 Pembroke Place,Kirkby Stephen,Cumbria,CA17 4RZ,epiehler@piehler.co.uk,SF_BR_78,78
0018d000006ytVSCOQ,Anisha,Shulick,Dale Yoder Clu Life Hlth & Bus,3 Alder St,Eaton Park Ward,Stoke-on-Trent,ST2 9AW,ashulick@yahoo.com,SF_BR_79,79
0018d000006ytVSCOR,Bettina,Kham,Council Of Cmnty Blood Ctrs,80 Morecambe St,Bishop Auckland,County Durham,DL14 6NG,bettina.kham@kham.co.uk,SF_BR_80,80
0018d000006ytVSCOS,Velda,Mancilla,"Tremont, Michael A Esq",7866 Renshaw St,Falmouth,Cornwall,TR11 4QQ,,SF_BR_81,81
0018d000006ytVSCOT,Marta,,"Trautman, Eileen Esq",,Malmesbury,Wiltshire,SN16 0XZ,marta.brace@brace.co.uk,SF_BR_82,82
0018d000006ytVSCOU,Juan,Vanwyhe,Office Service Co,5382 Redfern St,West End Ward,Greater London,W1J 0QH,juan_vanwyhe@gmail.com,SF_BR_83,83
0018d000006ytVSCOV,,Filion,Alphabetland Pre School Center,45 Bidder St,Town Ward,,EN1 3HT,lelia.filion@filion.co.uk,SF_BR_84,84
0018d000006ytVSCOW,Una,Frankel,Shamrock Food Service,6766 Britton St,Crompton Ward,Greater Manchester,BL1 3EX,ufrankel@hotmail.com,SF_BR_85,85
0018d000006ytVSCOX,Eva,Joulwan,Central Hrdwr & Elec Corp,7 Lear Rd,Stroud,Hampshire,GU32 3PQ,eva.joulwan@gmail.com,SF_BR_86,86
0018d000006ytVSCOY,Mammie,Dormanen,Matt Parrott & Sons Co,2577 Toxteth St,Overton Ward,Lancashire,BB6 7UN,mammie_dormanen@hotmail.com,SF_BR_87,87
0018d000006ytVSCOZ,Jeannetta,Coolidge,Tiny Tots Originals Div,761 Cockerell St,Midway Ward,Derbyshire,DE11 0HE,jeannetta_coolidge@gmail.com,SF_BR_88,88
0018d000006ytKSCOC,Elbert,,"Lovitch, Alan F",9 Cypress St,,Tyne and Wear,NE38 9AQ,edrawe@drawe.co.uk,SF_BR_89,89
0018d000006ytVSLPC,Lenny,Gazzola,Wise Industries,6 Romilly St,Walkergate Ward,Tyne and Wear,NE6 4YH,lenny.gazzola@yahoo.com,SF_BR_90,90
0018d000006ytVSCPC,Mira,Alpheaus,East County Process,51 St Anne St,Stratfield Mortimer,Berkshire,RG7 3RA,mira.alpheaus@yahoo.com,SF_BR_91,91
0018d000006ytVSCPD,Cathern,Ungar,Agopgee Enterprises Inc,823 Idris St,Selston,Nottinghamshire,,cathern.ungar@ungar.co.uk,SF_BR_92,92
0018d000006ytVSCPE,Malcom,Fleckles,L Winik & Associates Inc,8764 Nickleby St,Govan Ward,Glasgow City,G51 1BQ,malcom.fleckles@gmail.com,SF_BR_93,93
0018d000006ytVSCPF,Monroe,Damato,"Rosati, Marc D Esq",5344 Bengel St,Millwall Ward,Greater London,E14 5DR,mdamato@damato.co.uk,SF_BR_94,94
0018d000006ytVSCPG,Leota,Fletchen,Rust Evader Corp,8880 Great Howard St,Sefton,Merseyside,L29 7WD,lfletchen@gmail.com,SF_BR_95,95
0018d000006ytVSCPH,Berry,Gutoski,Budget Annex,9 Oakleigh,Lancing,West Sussex,BN15 9BN,berry@gmail.com,SF_BR_96,96
0018d000006ytVSCPI,Meghan,Riherd,Kiqo Pure Gold Oldies 104 Fm,83 Denbigh St Bootle,St. Gluvias,Cornwall,TR3 7AZ,meghan@riherd.co.uk,SF_BR_97,97
0018d000006ytVSCPJ,Mike,Torner,Segall Majestic Inc,30 Aughton St,Hilton,Aberdeenshire,AB24 2RR,mike_torner@torner.co.uk,SF_BR_98,98
0018d000006ytVSCPK,Elsa,Delisle,Taos Valley Resort Assn,260 Saxon St,Brooklands Ward,,M33 4BP,elsa_delisle@gmail.com,SF_BR_99,99
0018d000006ytVSCPL,Linwood,Rosenlof,Exhibit Crafts Inc,,Eccleston Ward,Merseyside,WA10 3BW,linwood.rosenlof@yahoo.com,SF_BR_100,100
0018d000006ytVSCPM,Latosha,,"Laitinen, Stephen B Esq",37 Langham St,St. Georges Hill Ward,Surrey,KT13 0AZ,latosha@yahoo.com,SF_BR_101,101
0018d000006ytVSCPN,Alexia,Meenan,Herr Foods Inc,94 Villars St,Launcells,Cornwall,EX23 9LG,alexia.meenan@meenan.co.uk,SF_BR_102,102
0018d000006ytVSCPO,Graham,Stanwick,Tiburon Pen Chmbr Commrce Inc,73 Hawkstone St,Renfrew South & Gallowhill War,Dunbartonshire,G52 4YG,gstanwick@gmail.com,SF_BR_103,103
0018d000006ytVSCPP,Elinore,Fulda,Agri Business Insurance Agency,123 Sussex St,Astley Bridge Ward,Greater Manchester,BL1 6PY,elinore.fulda@fulda.co.uk,SF_BR_104,104
0018d000006ytVSCPQ,Lisbeth,Creecy,"Gerstenfeld, Gerald F Esq",484 Barry St,Shiney Row Ward,County Durham,DH4 7RG,lcreecy@gmail.com,SF_BR_105,105
0018d000006ytVSCPR,Eloisa,Faurote,"Mcdonald, Michael J Esq",7033 Micawber St,,Norfolk,NR20 5NQ,eloisa.faurote@hotmail.com,SF_BR_106,106
0018d000006ytVSCPS,Shawana,Cantua,Best Western Riverview Inn,33 Vipond St,Woodhall Farm Ward,Hertfordshire,HP2 7JP,shawana@yahoo.com,SF_BR_107,107
0018d000006ytVSCPT,Alyssa,Ansbro,"Berg, Michael D Esq",85 Hero St,Stanhope,County Durham,DL13 2TZ,,SF_BR_108,108
0018d000006ytVSCPU,Kyoko,Mcmillian,Nature Conservancy,77 Reading St,North Tawton,Devon,EX20 2TR,kyoko_mcmillian@gmail.com,SF_BR_109,109
0018d000006ytVSCPV,,Gauthier,"Walker, Susan S Esq",274 Altcar Ave,Catterick,North Yorkshire,DL10 7NU,tgauthier@yahoo.com,SF_BR_110,110
0018d000006ytVSCPW,Sena,Langenbach,Alternative Collection Svc Inc,38 Avondale Rd,Kilmersdon,,BA3 5SJ,sena.langenbach@hotmail.com,SF_BR_111,111
0018d000006ytVSCPX,Cristen,Nesset,"Johnson, Matthew E Esq",4679 Curzon St,Central Ward,Lancashire,BB5 0SJ,cnesset@nesset.co.uk,SF_BR_112,112
0018d000006ytVSCPY,Lashawn,Ker,"Thornsjo, Dale O Esq",13 Nelson Rd,Filwood Ward,Bristol,BS4 1HT,lashawn.ker@gmail.com,SF_BR_113,113
0018d000006ytVSCPZ,Wade,Sovel,Manhattan Supply Co Deer Pk,,Central Buchan Ward,Aberdeenshire,AB53 6YD,wade@hotmail.com,SF_BR_114,114
0018d000006ytVSIQC,Whitney,Tishler,Clifford Standifer & Mcdowell,77 Mason St,Smallbridge and Firgrove Ward,Greater Manchester,OL16 3AW,whitney@gmail.com,SF_BR_115,115
0018d000006ytVSJQC,Deja,Conatser,Universal Case Co,94 Wakefield St,Lavenham,Suffolk,,deja.conatser@hotmail.com,SF_BR_116,116
0018d000006ytVSCQC,Earnestine,Casper,A O J Mfg Corp,529 Stalmine Rd,Saffron Walden,Essex,CB11 4DJ,earnestine_casper@hotmail.com,SF_BR_117,117
0018d000006ytVSCQD,Frankie,Marruffo,Paralegal Personnel,52 Morningside Rd,Cilybebyll Community,Neath Port Talbot,SA8 3HE,fmarruffo@gmail.com,SF_BR_118,118
0018d000006ytVSCQE,Paola,Dease,Sunderland Publishing Co,94 Enid St,Birchington,Kent,CT7 9BG,pdease@gmail.com,SF_BR_119,119
0018d000006ytVSCQF,Rodrigo,Hawkin,"Godfroy, William Esq",661 Great Crosshall St,Forth Ward,City of Edinburgh,EH5 2LR,rodrigo@hotmail.com,SF_BR_120,120
0018d000006ytVSCQG,Luther,Alsman,Crossroads Travel Service Inc,227 Albert Terrace,Belvedere Ward,Greater London,DA17 6EF,luther@gmail.com,SF_BR_121,121
0018d000006ytVSCQH,Casey,Dondero,Sarrail Lynch & Hall,464 Back Nile St,Acton Central Ward,Greater London,W3 6QJ,,SF_BR_122,122
0018d000006ytVSCQI,Ressie,Bontemps,Typesetters,42 Eastwood St,,Cambridgeshire,PE4 6HB,ressie_bontemps@bontemps.co.uk,SF_BR_123,123
0018d000006ytVSCQJ,,Schurman,Cooper Electric Supply Co,2877 Grain St,Caversham Ward,Berkshire,,sean.schurman@schurman.co.uk,SF_BR_124,124
0018d000006ytVSCQK,Celestina,Pince,Mcallister & Murphy Pc,,Abingdon on Thames,Oxfordshire,OX14 5QH,cpince@pince.co.uk,SF_BR_125,125
0018d000006ytVSCQL,Maira,Karas,"Blanton, Mary R Attorney",9 Cropper St,Northgate Ward,West Sussex,RH10 1YJ,maira.karas@yahoo.com,SF_BR_126,126
0018d000006ytVSCQM,Beth,Barbone,Upper Deck Co,3 Gaskell St,Tynemouth Ward,Tyne and Wear,NE30 2NB,bbarbone@barbone.co.uk,SF_BR_127,127
0018d000006ytVSCQN,Wei,,Victory Coating,5221 Royston St,Eccleshall,Staffordshire,ST21 6GA,wei_nobel@hotmail.com,SF_BR_128,128
0018d000006ytVSCQO,Melissia,Slotemaker,Twining Nemia & Steflik,83 St Johns Lane,Linlithgow Ward,West Lothian,EH49 7LS,mslotemaker@gmail.com,SF_BR_129,129
0018d000006ytVSCQP,Letha,Akey,Jeanettes Drapery & Upholstery,603 Pall Mall,Layton Ward,Lancashire,FY3 8ND,letha_akey@akey.co.uk,SF_BR_130,130
0018d000006ytVSCQQ,Isaac,Semrad,"Prugh, Pamela J Cpa",76 Dawber St,Blackheath Westcombe Ward,Greater London,SE3 7JY,isaac.semrad@semrad.co.uk,SF_BR_131,131
0018d000006ytVSCQR,Kristine,Klipfel,"Neeley, Gregory W Esq",3380 Alexander St,Moulsham and Central Ward,Essex,CM1 9QQ,kristine.klipfel@yahoo.com,SF_BR_132,132
0018d000006ytVSCQS,Odette,Moussette,Village Business Center,216 Lissant St,Great Dunmow,Essex,CM6 1DQ,odette_moussette@gmail.com,SF_BR_133,133
0018d000006ytVSCQT,Hobert,Panfilov,"Carlin, Angela G Esq",92 Phythian St,Gweek,Cornwall,TR11 5RR,hobert@gmail.com,SF_BR_134,134
0018d000006ytVSCQU,Isadora,Mchughes,Fan Shop,792 Queens Rd,Stretford Ward,Greater Manchester,M32 8LR,isadora.mchughes@mchughes.co.uk,SF_BR_135,135
0018d000006ytVSCQV,Emily,Pogorelc,Mccartney Printing Services,5196 York St,Orsett Ward,Essex,SS17 8NS,emily.pogorelc@yahoo.com,SF_BR_136,136
0018d000006ytVSCQW,Desire,Barresi,Greater Cinc Schl Empl Crdt Un,428 Kearsley St,Hatton,Warwickshire,CV35 7UA,desire@gmail.com,SF_BR_137,137
0018d000006ytVSCQX,Rosalind,Stamps,"Haar, Allen F",8 Chestnut St,Barrowford,,BB9 6EW,rosalind.stamps@stamps.co.uk,SF_BR_138,138
0018d000006ytVSCQY,Vernell,Connley,Harmons,,Bellingham,Northumberland,NE48 2BX,vernell@hotmail.com,SF_BR_139,139
0018d000006ytVSCQZ,Micheline,Mathieson,Mail Boxes Etc,3 Copenhagen Rd,George St,Aberdeenshire,AB25 3UZ,micheline.mathieson@yahoo.com,SF_BR_140,140
0018d000006ytVSDRC,,Outhouse,Grt Amercn Fed Svngs & Ln Assn,293 Vivian St,South Jesmond Ward,Tyne and Wear,NE2 1EY,nathan.outhouse@gmail.com,SF_BR_141,141
0018d000006ytVSCRC,Allene,Burau,Allied Plastics,8 Barlow St,Barlow,Derbyshire,S18 7TH,allene.burau@hotmail.com,SF_BR_142,142
0018d000006ytVSPRC,Julie,Sakshaug,Newton Clerk,5 Shakspeare St,St. Johns Ward,Hereford and Worcester,B61 8HD,julie@gmail.com,SF_BR_143,143
0018d000006ytVSCRD,Francisca,Shuhi,"Thompson, Chesney Md",7 Carolina St,,Cornwall,PL31 1QF,,SF_BR_144,144
0018d000006ytVSCRE,Marisha,,Young Door Company,52 Trowbridge St,Knightsbridge and Belgravia Wa,Greater London,SW1X 9HB,marisha.wilcoxon@gmail.com,SF_BR_145,145
0018d000006ytVSCRF,Telma,Maraia,Reliable Yard Service,25 Village St,Elgin City South Ward,Moray,IV30 1SB,telma@maraia.co.uk,SF_BR_146,146
0018d000006ytVSCRG,Luke,Crete,M D & W Railway,4 Peach St,Halstead,Kent,TN14 7EF,luke.crete@crete.co.uk,SF_BR_147,147
0018d000006ytVSCRH,Hubert,Mias,Chuckmaster Co,3614 Old Hall St,Fawley,,SO45 2PT,hubert.mias@gmail.com,SF_BR_148,148
0018d000006ytVSCRI,Janella,Altobell,"Shannon, Paul V Esq",3768 Hey Green Rd,Hartshill,Warwickshire,CV10 0TH,jaltobell@hotmail.com,SF_BR_149,149
0018d000006ytVSCRJ,Angelo,Lavista,Computemp,,Kensington and Fairfield Ward,Merseyside,L6 9DU,angelo.lavista@gmail.com,SF_BR_150,150
0018d000006ytVSCRK,Tran,,N Rockland Educl Fed Crdt Un,6226 Maitland St,West Bromwich Central Ward,West Midlands,B70 6DR,tran.mandiola@hotmail.com,SF_BR_151,151
0018d000006ytVSCRL,Reynalda,Vanhooser,A All In One Construction,891 Crocus St,Rowley Ward,West Midlands,B65 8EZ,reynalda@vanhooser.co.uk,SF_BR_152,152
0018d000006ytVSCRM,Salley,Rieger,Barnett Industries Inc,1 Segrave St,Sutton Trinity Ward,West Midlands,,salley.rieger@gmail.com,SF_BR_153,153
0018d000006ytVSCRN,Cheryll,Yurich,Blaineco Structural Movers,666 Moor Place,Shepway South Ward,Kent,ME15 8ST,cheryll_yurich@yurich.co.uk,SF_BR_154,154
0018d000006ytVSCRO,Crista,Viengxay,Green Point Savings Bank,1554 Christopher St,,Merseyside,L6 1BG,crista@yahoo.com,SF_BR_155,155
0018d000006ytVSCRP,Lino,Sutulovich,Sherpa Corp,55 Margaret Rd,Heaton Ward,"Yorkshire, West",BD9 4DA,lino.sutulovich@gmail.com,SF_BR_156,156
0018d000006ytVSCRQ,Galen,Wendorf,"Russell, Amelia Mosley Esq",8830 Antonio St,Gillingham North Ward,Kent,ME7 1DZ,galen.wendorf@wendorf.co.uk,SF_BR_157,157
0018d000006ytVSCRR,Gilbert,Langarica,Inter American Press Assn,82 Sinclair St,Bangor Community,Gwynedd,LL57 1DW,gilbert.langarica@gmail.com,SF_BR_158,158
0018d000006ytVSCRS,Whitney,Goossen,Eagle Newspapers,7568 Atlas St,Butterwick,Lincolnshire,PE22 0HY,,SF_BR_159,159
0018d000006ytVSCRT,Socorro,Abrahams,Martin Morrissey,93 Clyde Rd,Deepdale Ward,Lancashire,PR1 6TN,socorro_abrahams@abrahams.co.uk,SF_BR_160,160
0018d000006ytVSCRU,Mauricio,Flam,"Callender, William C Esq",18 Nimrod St,Walney North Ward,,LA14 3SJ,mflam@gmail.com,SF_BR_161,161
0018d000006ytVSCRV,,Aloi,"Duffield, Michael C",6 Cannock St,Scarcroft,West Yorkshire,LS14 3BW,paloi@hotmail.com,SF_BR_162,162
0018d000006ytVSCRW,Gilberto,Erixon,Advanced Data Systems,2258 Benedict St,Penryn,Cornwall,TR10 8RP,gerixon@gmail.com,SF_BR_163,163
0018d000006ytVSCRX,Thad,Puskarich,"Drubner, Norman S Esq",9302 Ismay St,Tenterden,Kent,TN30 6JP,thad_puskarich@puskarich.co.uk,SF_BR_164,164
0018d000006ytVSCRY,Bambi,Favaron,Desktop Center,3347 Lawrence Rd,Haverstock Ward,Greater London,NW5 4EU,bambi.favaron@yahoo.com,SF_BR_165,165
0018d000006ytVSCRZ,Marshall,Kozikowski,Viking Lodge,47 Elwy St,Kilpatrick Ward,West Dunbart,G81 6RT,marshall@hotmail.com,SF_BR_166,166
0018d000006ytVSKSC,Chery,,"Rosenkrance, Brent",553 Picton Rd,Astley Mosley Common Ward,Greater Manchester,,cwiederin@yahoo.com,SF_BR_167,167
0018d000006ytTSCSC,Eileen,Montecalvo,Holiday House Apts,9986 Cantsfield St,St. Peters Ward,Tyne and Wear,SR6 9SD,eileen@yahoo.com,SF_BR_168,168
0018d000006ytVSCSC,Melita,Szpak,Or Draymen & Warehousemans,1 Sussex St,Cyfarthfa Community,Merthyr Tydfil,CF48 1AR,melita.szpak@szpak.co.uk,SF_BR_169,169
0018d000006ytVSCSD,Ashley,Jessie,"Haney, Tom C Md",9548 Ogwen St,Baguley Ward,Greater Manchester,M23 9GB,ashley_jessie@jessie.co.uk,SF_BR_170,170
0018d000006ytVSCSE,Laila,Fend,Burlington Co Library,57 St Georges Hill,Crawcrook and Greenside Ward,Tyne and Wear,NE40 4LJ,,SF_BR_171,171
0018d000006ytVSCSF,Bobbie,Guillereault,Geneva Woods Professional Ctr,385 Upper Hampton St,Southey Ward,South Yorkshire,S5 8LL,bguillereault@gmail.com,SF_BR_172,172
0018d000006ytVSCSG,Dana,Paluszynski,Chile Pepper Magazine,6378 Lyell St,Trossachs and Teith Ward,Stirling,FK21 8TJ,dpaluszynski@paluszynski.co.uk,SF_BR_173,173
0018d000006ytVSCSH,,Newyear,"Flash, Elena Salerno Esq",675 Falstaff St,Chapel-en-le-Frith,Derbyshire,SK23 0QG,freida_newyear@yahoo.com,SF_BR_174,174
0018d000006ytVSCSI,Val,Cellucci,Owensboro Brick & Tile,87 Pelops St,Kings Norton Ward,West Midlands,B38 8PL,vcellucci@yahoo.com,SF_BR_175,175
0018d000006ytVSCSJ,Horace,Knapp,Mouw & Celello Pc,,Mid and Upper Nithsdale Ward,Dumfries and Galloway,DG4 6LF,horace.knapp@yahoo.com,SF_BR_176,176
0018d000006ytVSCSK,Joana,Reinecke,Visiting Nur Assn Ctrl Jersey,2427 Olney St,Amersham,Buckinghamshire,HP6 6JH,jreinecke@reinecke.co.uk,SF_BR_177,177
0018d000006ytVSCSL,Tiara,Schlichter,C C Industries,805 Westbank Rd,North Heywood Ward,Greater Manchester,OL10 2DU,tiara_schlichter@schlichter.co.uk,SF_BR_178,178
0018d000006ytVSCSM,Dacia,Swaisgood,Nelson & Paulson Chartered,36 Cranmer St,Little Hereford,Shropshire,SY8 4LE,dacia.swaisgood@swaisgood.co.uk,SF_BR_179,179
0018d000006ytVSCSN,Myong,Babineaux,Capital Thrpy & Spts Medcn Inc,2 Kirkdale Rd,,Greater London,E16 4NF,mbabineaux@babineaux.co.uk,SF_BR_180,180
0018d000006ytVSCSO,Gene,Bleile,Sun Toledo Refinery Co,,Springfield Ward,West Midlands,B11 4HB,gene_bleile@bleile.co.uk,SF_BR_181,181
0018d000006ytVSCSP,Kanisha,Difiora,"Mata, Mario A Esq",513 Bailey St,Bontnewydd Community,Gwynedd,LL54 7UP,kanisha@gmail.com,SF_BR_182,182
0018d000006ytVSCSQ,Ayesha,Moeder,Meredith Paving Corp,620 Old Leeds St,Sheviock,Cornwall,,ayesha@gmail.com,SF_BR_183,183
0018d000006ytVSCSR,Lanie,Smalarz,Philosophical Rsrch Scty Bkstr,5149 Maria Rd,Peterlee,County Durham,SR8 5RL,lanie.smalarz@yahoo.com,SF_BR_184,184
0018d000006ytVSCSS,Jaleesa,Polintan,New Jersey Tanning Co Inc,8 Taylor St,Shrub End Ward,,CO2 9LW,jpolintan@polintan.co.uk,SF_BR_185,185
0018d000006ytVSCST,Tamekia,,All County Inc,588 Venmore St,Twickenham Riverside Ward,Greater London,TW1 2QH,tamekia.flotow@hotmail.com,SF_BR_186,186
0018d000006ytVSCSU,Ula,Otey,Mail Boxes Etc,1 Newby St,Coleshill,Warwickshire,B46 3LZ,ula@hotmail.com,SF_BR_187,187
0018d000006ytVSCSV,Rosendo,Ratel,Elmark Graphics Inc,5588 Lake St,Crystal Palace Ward,Greater London,SE19 2TJ,rratel@yahoo.com,SF_BR_188,188
0018d000006ytVSCSW,Timmy,Lintner,Interdependence Associates Inc,9112 Hardwick St,Bowes,County Durham,,tlintner@hotmail.com,SF_BR_189,189
0018d000006ytVSAAN,Zita,Speltz,Mmm Design Group,2395 Gloucester Pl,Halliwell Ward,Greater Manchester,BL1 6DS,zita_speltz@yahoo.com,SF_BR_190,190
0018d000006ytVSAAO,Aleisha,Lemm,Pathe Cmptr Cntrl Systems Corp,341 Birchfield St,Wareham St. Martin,Dorset,BH16 6JJ,aleisha.lemm@gmail.com,SF_BR_191,191
0018d000006ytVSAAP,Naomi,Lavezzo,Torrefazione Italia Inc,9854 Ranelagh Place,Finedon,Northamptonshire,NN9 5EN,naomi.lavezzo@yahoo.com,SF_BR_192,192
0018d000006ytVSAAQ,Aretha,Bowling,"Sawyer, Robert M Esq",8 Nova Scotia,Caerphilly Community,Caerphilly,CF83 3AF,aretha@hotmail.com,SF_BR_193,193
0018d000006ytVSAAU,Mila,Figuera,U S Sapporo A Inc,72 Lime Place,,Suffolk,IP14 4HG,mila_figuera@yahoo.com,SF_BR_194,194
0018d000006ytVSAAR,Orville,Zuehl,"Teti, Louis N Esq",907 Denman St,Crowle and Ealand,North Lincolnshire,DN17 4EN,,SF_BR_195,195
0018d000006ytVSAAS,Gabriele,Geschke,Levy Security Consultants Ltd,5 Garfield St,Milton Regis Ward,Kent,ME10 2EJ,gabriele@geschke.co.uk,SF_BR_196,196
0018d000006ytVSAAT,,Jaquish,El Adobe Inn,345 Feltwell Rd,St. Michaels and Wicksteed War,Northamptonshire,NN15 6BB,kara@yahoo.com,SF_BR_197,197
0018d000006ytVSAAV,Kenny,Lin,Mcmahan Mcmahan & Brinkley,1 Towson St,Howe of Fife and Tay Coast War,,KY14 6AH,kenny@lin.co.uk,SF_BR_4,4
0018d000006ytVSAAX,Vashti,Sugai,Accurate Engraving Co,4 Candia St,Shipston on Stour,Warwickshire,,vashti@gmail.com,SF_BR_198,198
0018d000006ytVSAAZ,Jordan,Handsaker,Shirleys Print Shoppe,2 Cherry Lane,Strood South Ward,Kent,ME2 2NJ,jordan_handsaker@gmail.com,SF_BR_199,199
0018d000006ytVSAAY,Carisa,Degenhardt,Schwend Signs,7 Britannia Ave,Newton-with-Clifton,Lancashire,PR4 3RQ,carisa.degenhardt@degenhardt.co.uk,SF_BR_200,200
0018d000006ytVSAAC,Audrie,Danaher,K C Products Co,63 Brunswick Sq,Llanelli Rural Community,Carmarthenshire,SA15 5YN,adanaher@yahoo.com,SF_BR_201,201
0018d000006ytVZAAC,Shaunna,,Engelbrecht Ackerman & Hassman,5 Gainsborough Rd,Newington Ward,Greater London,SE1 6EH,shaunna.rodamis@yahoo.com,SF_BR_202,202
0018d000006ytVSCMP,Coleen,Langer,Valley Prodn Ctr For Vid & Aud,745 Goodall St,Much Wenlock,Shropshire,TF13 6HB,,SF_BR_203,203
0018d000006ytVSAAF,Katie,Choinski,Coastal Technologies,1267 Alderson Rd,Churchdown,Gloucestershire,GL3 2BA,katie@choinski.co.uk,SF_BR_204,204
0018d000006ytVSAAG,,Brau,Goodfellow Agency,2 Gay St,Werrington South Ward,Cambridgeshire,PE7 2QA,dbrau@brau.co.uk,SF_BR_205,205
0018d000006ytVSAAH,Ashanti,Donn,Denticator,3409 Benns Gardens,Hollington Ward,East Sussex,TN38 9NE,adonn@yahoo.com,SF_BR_206,206
0018d000006ytVSAIA,Madalyn,Dubberly,L & M Industrial Chemicals Inc,1 Lower Burlington St,Northfleet South Ward,Kent,DA11 8RN,madalyn.dubberly@gmail.com,SF_BR_207,207
0018d000006ytVSAJC,Santos,Signore,"Gallagher, John J Esq",4706 Chapel Place,,West Sussex,BN44 3DF,santos@gmail.com,SF_BR_208,208
0018d000006ytVSAKC,Alyce,Flamino,"Sadowski, Jeffrey A",4 Mather St,Holbrook Ward,West Midlands,CV6 4BN,alyce@yahoo.com,SF_BR_209,209
0018d000006ytVSAKD,Pearly,Ero,Rug Gallery,9960 Gilroy Rd,Woodhouse Ward,,N12 9JT,pero@hotmail.com,SF_BR_210,210
0018d000006ytVSAKE,Cherrie,,"Watson, Richard I Md",3 Burnall St,Keighley,West Yorkshire,BD20 6DA,,SF_BR_211,211
0018d000006ytVSAKF,Maia,Shadd,Pigeon Falls State Bank,8 Bigham Rd,Deal,Kent,CT14 9QJ,maia_shadd@gmail.com,SF_BR_212,212
0018d000006ytVSALP,Edwin,Logghe,Joseph Victor & Son Inc,,Heanor and Loscoe,Derbyshire,DE75 7FZ,edwin_logghe@hotmail.com,SF_BR_213,213
0018d000006ytVSBLQ,Leigha,Semenza,Unique Epoxy,784 Juno St,North Horsham,West Sussex,RH12 4GW,,SF_BR_214,214
0018d000006ytVSBLR,Walker,Seeger,Jim Dunnam Builder Inc,69 Chantrey St,Hickling,Norfolk,NR12 0YB,walker.seeger@yahoo.com,SF_BR_215,215
0018d000006ytVSBLS,,Rodrigues,Richard Mulholland Prop Inc,4 Northbrook St,Edmonton Green Ward,Greater London,N18 2NF,nakita_rodrigues@gmail.com,SF_BR_216,216
0018d000006ytVSBLV,Kattie,Ozane,"Page, Patricia A Esq",526 Liffey St,Westbury,Wiltshire,BA13 3QU,kozane@gmail.com,SF_BR_217,217
0018d000006ytVSBLW,Lamar,Suite,T J Boyle & Associates,6301 Dorset Rd,,Greater London,UB9 6LF,lsuite@yahoo.com,SF_BR_218,218
0018d000006ytVSBLX,Juliana,Uken,Charles S Cavadini Cic,4 Summer Seat Bootle,Moulsecoomb and Bevendean Ward,Brighton and Hove,BN2 4TL,juliana.uken@yahoo.com,SF_BR_219,219
0018d000006ytVSBLY,Chan,Loftin,Hydrick Law Offices,84 Walton Village,Horfield Ward,Bristol,BS7 0AX,chan@gmail.com,SF_BR_220,220
0018d000006ytVSBLZ,Delpha,Detamore,Bilar Tool & Die Inc,8 Tagus St,,Cumbria,CA25 5EF,delpha.detamore@yahoo.com,SF_BR_221,221
0018d000006ytVLBMB,Floyd,Tivis,Sheplers Western Wear,770 Jamaica St,Penmaenmawr Community,Conwy,LL34 6BH,floyd_tivis@hotmail.com,SF_BR_222,222
0018d000006ytVSBMB,Chantell,Besong,"Kelly, Mark C",11 Tetlow St,Parsons Green and Walham Ward,,SW6 4QP,chantell_besong@gmail.com,SF_BR_223,223
0018d000006ytVKBMD,Martin,Fonua,Aviation Insurance Inc,7642 Ledward St,,Merseyside,L19 0LN,mfonua@yahoo.com,SF_BR_224,224
0018d000006ytVSBMD,Hyun,,"Hall, Ronald A",1432 Rutland Ave,Uckfield,East Sussex,TN22 9EF,hyun@gmail.com,SF_BR_225,225
0018d000006ytVSBME,Nada,Arey,Advanced Engineering Assocs,22 Harewood St,Acton Trussell and Bednall,Staffordshire,ST17 0RU,nada@hotmail.com,SF_BR_226,226
0018d000006ytVSBMF,Elizabeth,Pata,"Hirsch, Henry L Esq",645 Lister Drive,Denwick,Northumberland,,elizabeth@gmail.com,SF_BR_227,227
0018d000006ytVSBMG,Dominic,Washmuth,"Bremer, Duncan S Esq",8977 Old Leeds St,Beaminster,Dorset,DT8 3DR,dwashmuth@hotmail.com,SF_BR_228,228
0018d000006ytVSBMH,Alise,Packebush,Wnc Forklift Inc,22 Delamore St,Hereford,Hereford and Worcester,HR1 2EA,alise.packebush@gmail.com,SF_BR_229,229
0018d000006ytVSBMI,Flo,Bardsley,,35 Walton Lane,Loughborough Ashby Ward,Leicestershire,LE11 4PF,flo.bardsley@hotmail.com,SF_BR_230,230
0018d000006ytVSBMJ,Bonita,Sandblom,Transbay Steel Corp,22 Kilshaw St,Wimbledon Park Ward,Greater London,SW19 7DT,bsandblom@gmail.com,SF_BR_231,231
0018d000006ytVSBMK,Royal,Rush,"Severt, Todd D Esq",1 Argyle St,Hyde Werneth Ward,Greater Manchester,SK14 5AR,,SF_BR_232,232
0018d000006ytVSBML,Erasmo,Talentino,Active Air Systems,3 Garden Lane,Darton West Ward,South Yorkshire,S75 5JY,erasmo.talentino@hotmail.com,SF_BR_233,233
0018d000006ytVSBMM,Mari,Smeby,A B E Doors & Windows,4309 Chisenhale St,Rock,Hereford and Worcester,DY14 9XQ,msmeby@gmail.com,SF_BR_234,234
0018d000006ytVSBMN,Eleonora,Ventry,"Jackson, Donald M Esq",,Soho Ward,West Midlands,,eleonora@gmail.com,SF_BR_235,235
0018d000006ytVSBMO,,Shiraki,Wuhf Fox 31,18 Ouse St,Oakridge and Castlefield Ward,Buckinghamshire,HP11 2PJ,tshiraki@gmail.com,SF_BR_236,236
0018d000006ytVSBMP,Rodolfo,Scavuzzo,Gulf Atlantic Equipment Co Inc,5 Ruskin St,Irvine East Ward,North Ayrshire,KA11 2BP,rodolfo_scavuzzo@yahoo.com,SF_BR_237,237
0018d000006ytVSBMQ,Cruz,Fanelli,"Graham, John A Esq",4565 Blackstock St,Springfields and Trent Vale Wa,Stoke-on-Trent,ST4 5BW,cruz@hotmail.com,SF_BR_238,238
0018d000006ytVSBMR,Arlyne,Dellinger,"Holzgrafe, Roger E Esq",8361 Cottenham St,Fawley,Hampshire,SO45 1QQ,arlyne.dellinger@yahoo.com,SF_BR_239,239
0018d000006ytVSBMS,Edward,Strejan,Kaysers Nutrition Center,1267 Audley St,Ise Lodge Ward,Northamptonshire,NN15 5DB,edward_strejan@gmail.com,SF_BR_240,240
0018d000006ytVSBMT,Christoper,Sheneman,"Jones, Brigham P Esq",845 Atherton St,,Kent,TN16 2AR,christoper@gmail.com,SF_BR_241,241
0018d000006ytVSBMU,Melda,,Proctor & Associates Co,150 Margaret Rd,Kings Hill,Kent,ME19 4DT,melda.colamarino@colamarino.co.uk,SF_BR_242,242
0018d000006ytVSBMV,Margot,Peay,"Bork, Terry D Esq",9923 Dinorben St,Childs Hill Ward,Greater London,NW11 8DY,margot.peay@yahoo.com,SF_BR_243,243
0018d000006ytVSBMW,Gerald,Drozdenko,Diamond Cbnts Div Wht Cons Ind,186 Craven St,Little Ness,Shropshire,SY4 2JX,gdrozdenko@yahoo.com,SF_BR_244,244
0018d000006ytVSBMX,Tomoko,Renno,Trico Prods Corp,,Goldsmid Ward,Brighton and Hove,BN3 6EA,tomoko@renno.co.uk,SF_BR_245,245
0018d000006ytVSBMY,Mendy,Wassmann,"Ruello, Joseph F",3833 Sidney Rd,Cherryfield Ward,Merseyside,L32 3XS,mendy.wassmann@wassmann.co.uk,SF_BR_246,246
0018d000006ytVSBMZ,Daryl,Hilcher,Petaluma Area Chamber Commrce,6267 Greenland St,Wakefield East Ward,West Yorkshire,WF1 4LW,,SF_BR_247,247
0018d000006ytQSBNB,Ty,Feeback,Barnett Travel,14 Landseer Rd,Nith Ward,Dumfries and Galloway,DG1 9SY,tfeeback@gmail.com,SF_BR_248,248
0018d000006ytVSBNB,King,Vanacore,Sdse Public Tv,30 Seville St,Meads Ward,East Sussex,BN20 7QU,king_vanacore@yahoo.com,SF_BR_249,249
0018d000006ytVZBND,Isidra,Varnado,Howland Machine Corp,79 Chelmsford St,Holywell Community,Flintshire,CH8 7UP,ivarnado@varnado.co.uk,SF_BR_250,250
0018d000006ytVSBND,Tonja,Driesenga,First Ozaukee Savings Bank,8 South John St,Lamport,Northamptonshire,NN6 9XW,tdriesenga@driesenga.co.uk,SF_BR_251,251
0018d000006ytVSBNE,Shaquana,Featherston,General Truck Part & Equipment,,Chadderton Central Ward,Greater Manchester,OL9 0NS,shaquana@hotmail.com,SF_BR_252,252
0018d000006ytVSBNF,Gilberto,Feagins,"Finlay, Joseph B Jr",7643 Campbell St,Penge and Cator Ward,Greater London,,gfeagins@gmail.com,SF_BR_253,253
0018d000006ytVSBNG,,Faehnle,"Hering, Glenn Z Esq",371 Oakleigh,Warminster,,BA12 8NR,rfaehnle@faehnle.co.uk,SF_BR_254,254
0018d000006ytVSBNH,Adolph,Cunningham,"Moorhead, Bridget Klein Esq",9874 Oakfield Rd,Redhill Ward,Tyne and Wear,SR5 5PT,adolph_cunningham@hotmail.com,SF_BR_255,255
0018d000006ytVSBNI,Queen,Leader,Ottumwa Glass Co,6 Princes St,East Kilbride West Ward,South Lanarkshire,G75 8YR,queen_leader@gmail.com,SF_BR_256,256
0018d000006ytVSBNJ,Rebbecca,Rufenacht,,4190 Seacombe St,,Northamptonshire,NN12 8AA,rrufenacht@yahoo.com,SF_BR_257,257
0018d000006ytVSBNK,Ardella,Goldrup,Bedford Books St Martins Prs,3145 Rhyl St,Londesborough,E Riding of Yorkshire,YO43 3QE,ardella.goldrup@goldrup.co.uk,SF_BR_258,258
0018d000006ytVSBNL,Dallas,Miyashiro,Em Building Products Inc,4919 Lime Grove,Whitchurch Urban,Cheshire,SY13 4HB,dallas_miyashiro@miyashiro.co.uk,SF_BR_259,259
0018d000006ytVSBNM,Vivan,Jenious,Mnpls Arprt Marriott,8 Carolina St,Northgate Ward,West Sussex,RH10 8EZ,vjenious@yahoo.com,SF_BR_260,260
0018d000006ytVSBNN,Han,,Captain Copy,1592 Price St,Ponteland,,NE20 9TF,han_dzledzic@hotmail.com,SF_BR_261,261
0018d000006ytVSBNO,Emilio,Guitierrez,Register Printing Co,2 Weller St,Appleton Wiske,North Yorkshire,DL6 2AS,emilio_guitierrez@guitierrez.co.uk,SF_BR_262,262
0018d000006ytVSBNP,Latia,Cos,Capitol Cadillac Company,18 Thomas St,Barnham,West Sussex,PO22 0JT,lcos@yahoo.com,SF_BR_263,263
0018d000006ytVSBNQ,Lilli,Cureau,A 1 Plumbers Supply,42 Hey Green Rd,Deepdale Ward,Lancashire,,lilli@yahoo.com,SF_BR_264,264
0018d000006ytVSBNR,Maryanne,Siske,"Levering, Charles B Esq",256 Vesuvius St,,North Yorkshire,LS24 9UA,maryanne@hotmail.com,SF_BR_265,265
0018d000006ytVSBNS,Eliz,Strimple,Karl May General Contractor,82 Denison St,Holyrood Ward,,M25 1JB,eliz@gmail.com,SF_BR_266,266
0018d000006ytVSBNT,Laura,Gumaer,C Leasing Company,1779 Bird St,East Sheen Ward,Greater London,SW14 8JZ,laura_gumaer@gmail.com,SF_BR_267,267
0018d000006ytVSBNU,Leanora,Respicio,Fire Protection Consultants,99 College St South,Byker Ward,Tyne and Wear,NE6 2RX,,SF_BR_90,90
0018d000006ytVSBNV,Sherell,Pomarico,Kxlt Radio (k 108 Fm),29 Greenleaf St,Llangristiolus Community,Isle of Anglesey,LL62 5HD,spomarico@hotmail.com,SF_BR_268,268
0018d000006ytVSBNW,,Isita,"Sotorrio, Rene A Esq",,"Neilston, Uplawmoor and Newton",East Renfrewshire,G78 3AB,charlie@isita.co.uk,SF_BR_269,269
0018d000006ytVSBNX,Veronique,Nuckolls,Cinemax Cable Pay Tv Svce,198 Ranelagh Place,Central Buchan Ward,Aberdeenshire,AB43 6RD,vnuckolls@gmail.com,SF_BR_270,270
0018d000006ytVSBNY,Antonio,Villamarin,Combs Sheetmetal,353 Standish St,Little Parndon and Hare Street,Hertfordshire,,antonio.villamarin@gmail.com,SF_BR_271,271
0018d000006ytVSBNZ,Louvenia,Kincannon,"Fineshriber, Marilyn Esq",87 Eldon Place,Read,Lancashire,BB12 7RY,lkincannon@kincannon.co.uk,SF_BR_272,272
0018d000006ytVSBOB,Roxanne,Hedegore,"Wallace, Bruce R Esq",592 Catharine St,Blantyre Ward,South Lanarkshire,G72 0RZ,roxanne_hedegore@gmail.com,SF_BR_273,273
0018d000006ytVSBOL,Eve,Hoffstot,Domestic Intrntl Techlgy Ltd,1661 Arrow St,Kirk Hammerton,York,YO26 8DA,eve.hoffstot@yahoo.com,SF_BR_274,274
0018d000006ytVSCOD,Kenda,,General Bindery Co Inc,7 Netley St,Custom House Ward,,E16 3DP,kkoza@koza.co.uk,SF_BR_275,275
0018d000006ytVSBOD,Elden,Mercik,,7 St Edmonds Rd,Nonington,Kent,CT15 4HH,elden_mercik@mercik.co.uk,SF_BR_276,276
0018d000006ytVSBOE,Kami,Ferre,"Chomsky, Charles Esq",6996 Wrenbury St,Foleshill Ward,West Midlands,CV6 5RS,kami@yahoo.com,SF_BR_277,277
0018d000006ytVSBOF,Selene,Zeng,Dustbooks,2 Prince Rupert St,West Wickham Ward,Greater London,BR3 6SX,selene@yahoo.com,SF_BR_278,278
0018d000006ytVSBOG,Deangelo,Rardon,Ric Lo Productions Ltd,9970 Clyde Rd,,Surrey,KT15 3NW,deangelo_rardon@yahoo.com,SF_BR_279,279
0018d000006ytVSBOH,Olen,Ailey,"Shohet, Grace C Esq",9 Fielding St,Wombourne,Staffordshire,WV5 0BB,olen@gmail.com,SF_BR_280,280
0018d000006ytVSBOI,Lanie,Smarsh,Lbt,555 Ludlow St,Trowbridge,Wiltshire,BA14 9JB,lanie@yahoo.com,SF_BR_184,184
0018d000006ytVSBOJ,Lynna,Breheny,Wky Am 930 Stereo,1 James St,St. Andrews Ward,Fife,KY16 9EE,lynna@yahoo.com,SF_BR_281,281
0018d000006ytVSBOK,Jody,Klitzing,Dan Dee Belt & Bag Co Inc,3 Byng St,Pinhoe Ward,Devon,EX1 3SF,jody_klitzing@hotmail.com,SF_BR_282,282
0018d000006ytVMBOL,Antonio,Glasford,Saint Thomas Creations,,Gaer Community,Newport,NP20 3DE,antonio_glasford@glasford.co.uk,SF_BR_271,271
0018d000006ytVSBOM,,Scurci,New York C Liquidators Inc,4041 Virgil St,Headley,Surrey,KT18 6PZ,merilyn_scurci@hotmail.com,SF_BR_283,283
0018d000006ytVSBON,Elliott,Kins,John Noda A Law Ofc Lawrence E,32 High Park St,St. Margarets with St. Nichola,Norfolk,,,SF_BR_284,284
0018d000006ytVSBOO,Leonie,Devereux,Mr Bar B Q Inc,88 Vernon St,Dunbar and East Linton Ward,East Lothian,EH42 1SJ,leonie_devereux@gmail.com,SF_BR_285,285
0018d000006ytVSBOP,Eulah,Syrop,Atec,62 Euston St,Bunhill Ward,Greater London,EC1Y 8RT,eulah@syrop.co.uk,SF_BR_286,286
0018d000006ytVSBOQ,Marsha,Tarry,Allgood Industries,74 Medlock St,Chorlton Park Ward,Greater Manchester,M20 1JG,marsha.tarry@yahoo.com,SF_BR_287,287
0018d000006ytVSBOR,Mignon,Luger,National Lime Association,80 Talbot St,,Cheshire,SK3 9RD,mignon@gmail.com,SF_BR_288,288
0018d000006ytVSBOS,Tu,Rivet,Gemini Hats & Accessories Inc,31 Buckingham Ave,Cotham Ward,Bristol,BS6 5SR,tu_rivet@gmail.com,SF_BR_289,289
0018d000006ytVSBOT,Adelle,Schantini,Creative Photography Inc,162 Grayson St,Greenlands Ward,Lancashire,FY2 0TD,adelle_schantini@yahoo.com,SF_BR_290,290
0018d000006ytVSBOU,Douglass,Fonnesbeck,"Goodspeed, Paul E Esq",5 Webb St,Boothen and Oak Hill Ward,Stoke-on-Trent,ST4 1EB,douglass@fonnesbeck.co.uk,SF_BR_238,238
0018d000006ytVSBOV,Evette,,,8092 Firdale Rd,Stoneygate Ward,Leicester,LE5 5RE,emazierski@mazierski.co.uk,SF_BR_291,291
0018d000006ytVSBOW,Geraldo,Okoren,Guadalajara Bar & Grille,68 Carno St,City and Hunslet Ward,West Yorkshire,LS10 1SJ,gokoren@okoren.co.uk,SF_BR_292,292
0018d000006ytVSBOX,Clarinda,Pelayo,Tejas Loans,714 Moored St,Trelawnyd and Gwaenysgor Commu,,LL18 6DH,cpelayo@pelayo.co.uk,SF_BR_293,293
0018d000006ytVSBOY,Reuben,Mccorrison,Kyes Tv Channel 5,545 North John St,Cobham and Downside Ward,,KT11 2HT,,SF_BR_294,294
0018d000006ytVSBOZ,Yen,Groody,Daily Advance,21 Pilgrim St,Leighton-Linslade,Bedfordshire,LU7 2NZ,ygroody@groody.co.uk,SF_BR_295,295
0018d000006ytVSBPB,Tanja,Milne,Austin Periodical Services,9772 Teilo St,Hetton,Tyne and Wear,,tanja.milne@yahoo.com,SF_BR_296,296
0018d000006ytVSCPB,,Holtgrewe,Granite Construction Co,33 Fonthill Rd,Hodge Hill Ward,West Midlands,B36 8JE,jholtgrewe@yahoo.com,SF_BR_297,297
0018d000006ytVSBPD,Almeta,Keehner,"Hoolahan, Catherine G Esq",3 Ivyleigh,Loundsley Green Ward,Derbyshire,S40 4LW,akeehner@hotmail.com,SF_BR_12,12
0018d000006ytTSCPX,Wilda,Brigham,Morelli Hoskins Ford,501 Sandon Terrace,Little Clacton,Essex,CO16 9LZ,wilda@brigham.co.uk,SF_BR_298,298
0018d000006ytVSBPE,Remedios,Arlinghaus,"Miller, Martin M Esq",9 Duckenfield St,Aldbrough,E Riding of Yorkshire,HU11 4QA,remedios.arlinghaus@gmail.com,SF_BR_299,299
0018d000006ytVSBPF,Margret,Alcazar,Advantage Title & Escrow Inc,5466 Sedley St,Coatbridge South Ward,North Lanarkshire,ML5 4LJ,margret@alcazar.co.uk,SF_BR_300,300
0018d000006ytVSBPG,Denny,Casalenda,Ringo International Inc,75 Brewster St,Redlands Ward,Berkshire,RG1 5EX,dcasalenda@gmail.com,SF_BR_301,301
0018d000006ytVSBPH,Carolynn,,Dorval Trading Co Ltd,7901 Beech St,St. Helier Ward,Greater London,SM4 5PY,carolynn.atkison@hotmail.com,SF_BR_302,302
0018d000006ytVSBPI,Amina,Goulbourne,Poag Grain Inc,684 Cotswold St,Victoria Ward,,E9 7NG,amina@yahoo.com,SF_BR_303,303
0018d000006ytVSBPJ,Janna,Przybyl,Southwest Ms Shopg Bag,5 April Rd,Wheatley Ward,South Yorkshire,DN1 2TU,jprzybyl@przybyl.co.uk,SF_BR_304,304
0018d000006ytVSBPK,Emiko,Sayre,Scott Marlow Agency,8 Village St,Windlesham,Surrey,GU18 5YQ,,SF_BR_305,305
0018d000006ytVSBPL,In,Muns,Nursefinders,7 Haddock St,Saint Annes on the Sea,Lancashire,FY8 3TF,in_muns@muns.co.uk,SF_BR_306,306
0018d000006ytVSBPM,Eleni,Vanscoik,"Simpson, Fred B Esq",9 Mather St,Sutton Vesey Ward,West Midlands,B73 6HH,eleni_vanscoik@gmail.com,SF_BR_307,307
0018d000006ytVSBPN,Kandis,Alsbury,Fast Cash,70 Rose Vale,Reydon,Suffolk,IP18 6PE,kalsbury@hotmail.com,SF_BR_308,308
0018d000006ytVSBPO,Kina,Saltman,Mitchell Silliman Co Inc,,,Nottinghamshire,NG11 6JT,kina_saltman@gmail.com,SF_BR_309,309
0018d000006ytVSBPP,Jacki,Sterback,"Praver, David L Esq",15 East Albert Rd,Kingston Bagpuize with Southmo,Oxfordshire,OX13 5AW,jacki.sterback@gmail.com,SF_BR_310,310
0018d000006ytVSBPQ,Fallon,Kerfoot,"Rotenstreich, H Andrew Esq",,Manor Castle Ward,South Yorkshire,S2 1HP,fallon.kerfoot@gmail.com,SF_BR_311,311
0018d000006ytVSBPR,Precious,Brabble,Sigmacom Corporation,9 Herbert St,Shenley,Hertfordshire,WD7 9AQ,precious_brabble@brabble.co.uk,SF_BR_312,312
0018d000006ytVSBPS,Glory,Ona,Real Isle Properties,9830 Croxteth Rd,Pontefract North Ward,West Yorkshire,WF8 3YR,glory_ona@gmail.com,SF_BR_313,313
0018d000006ytVSBPT,Tamesha,Tyburski,"Liss, Amy Esq",1054 Gladys St,Bellshill Ward,North Lanarkshire,ML4 3EJ,tamesha.tyburski@gmail.com,SF_BR_314,314
0018d000006ytVSBPU,Brande,Cutlip,Real Estate Appraisals Inc,921 Douro St,Rhoose Community,Vale of Glamorgan,CF62 3HN,bcutlip@yahoo.com,SF_BR_315,315
0018d000006ytVSBPV,,Skubis,"Luby, Joseph K Esq",180 Frodsham St,,Hertfordshire,,olene_skubis@yahoo.com,SF_BR_316,316
0018d000006ytVSBPW,Carey,Marchetta,New River Tire Company Inc,7217 Edge Grove,Sharston Ward,Greater Manchester,M22 4ZB,cmarchetta@hotmail.com,SF_BR_317,317
0018d000006ytVSBPX,Launa,Torez,"Farber, Mindy Esq",12 Gelling St,Trossachs and Teith Ward,Stirling,FK16 6DU,launa.torez@yahoo.com,SF_BR_318,318
0018d000006ytVSBPY,Dominga,Whitrock,"Nohr, Katharine M Esq",763 Roscoe St,Lobley Hill and Bensham Ward,Tyne and Wear,NE11 0AN,dominga@whitrock.co.uk,SF_BR_319,319
0018d000006ytVSBPZ,Dwight,Belyea,Skuttle Mfg Co,419 St Andrew St,Tibberton,,WR9 7NS,dbelyea@belyea.co.uk,SF_BR_320,320
0018d000006ytVTBQB,Cornell,Mccrossin,"Cheek, John D Esq",623 Cornhill,Stretton,Staffordshire,DE13 0DH,cornell.mccrossin@mccrossin.co.uk,SF_BR_321,321
0018d000006ytVSBQB,Alverta,Topete,National Catholic Reporter,328 Havelock St,Addlestone Bourneside Ward,Surrey,KT15 2NL,alverta.topete@gmail.com,SF_BR_322,322
0018d000006ytVTBQD,Felicia,Claybrooks,,1056 College St South,Chester-le-Street North and Ea,County Durham,DH2 2JZ,felicia@claybrooks.co.uk,SF_BR_323,323
0018d000006ytVSBQD,Carmen,Gillham,"Norda, Beth Dorsey Esq",11 Denison St,Orford Ward,Cheshire,,carmen@hotmail.com,SF_BR_324,324
0018d000006ytVSBQE,Ashlee,Beyl,Indiana Electronics Corp,,Brympton,Somerset,BA20 2EJ,ashlee.beyl@hotmail.com,SF_BR_325,325
0018d000006ytVSBQF,Vannessa,Land,Port Delivery Systems,201 Bran St,Ashford Common Ward,Surrey,TW15 2AJ,vannessa.land@yahoo.com,SF_BR_326,326
0018d000006ytVSBQG,Patti,Rempel,"Meder, Randy F Cpa",1346 Vandyke St,,Brighton and Hove,BN3 6NS,patti@rempel.co.uk,SF_BR_327,327
0018d000006ytVSBQH,German,,S M Copiers,883 Howe St,Clayton-le-Moors Ward,Lancashire,BB5 5TJ,german@meyerhoff.co.uk,SF_BR_32,32
0018d000006ytVSBQI,Anika,Marse,Milton Terry Associates,231 Wordsworth St,Harrow Weald Ward,Greater London,HA3 6TH,anika@marse.co.uk,SF_BR_328,328
0018d000006ytVSBQJ,Cristina,Marola,Pro Img Mktng & Pub Rel Inc,2449 Amberly St,Temple Newsam Ward,West Yorkshire,LS15 0PQ,cmarola@gmail.com,SF_BR_329,329
0018d000006ytVSBQK,Lemuel,Allis,Computer Security Cnslnts Inc,8430 Shadwell St,Great Barr with Yew Tree Ward,West Midlands,WS5 4SU,,SF_BR_330,330
0018d000006ytVSBQL,Joaquin,Hysom,Sport Toyota,115 Lister Rd,Barnfield Ward,Lancashire,BB5 2EY,jhysom@gmail.com,SF_BR_331,331
0018d000006ytVSBQM,Kerrie,Makuch,Kinkos Copies,7855 Sir Thomas St,Calstock,Cornwall,PL17 8AR,kmakuch@gmail.com,SF_BR_332,332
0018d000006ytVSBQN,Alaine,Raterman,Putnam Co Inc,1 Milton St,Little Missenden,Buckinghamshire,HP16 0DH,alaine@hotmail.com,SF_BR_333,333
0018d000006ytVSBQO,Shannon,Kobayashi,Hungs,1111 Nesfield St,Tonge with the Haulgh Ward,Greater Manchester,BL2 2SU,shannon@yahoo.com,SF_BR_334,334
0018d000006ytVSBQP,Corinne,Holman,Herculite Mason Supply Inc,1831 Richards St,Berkhamsted,Hertfordshire,,corinne@holman.co.uk,SF_BR_335,335
0018d000006ytVSBQQ,Heidy,Hallford,New England Die Co Inc,8054 Low Hill,Prestbury,Gloucestershire,GL52 3BY,hhallford@hotmail.com,SF_BR_336,336
0018d000006ytVSBQR,Marylyn,Shonerd,Barker Electronics,7252 Dansie St,East Finchley Ward,Greater London,N2 9JL,marylyn_shonerd@yahoo.com,SF_BR_337,337
0018d000006ytVSBQS,Maryln,Mortenson,"Mullins, Glen Esq",76 Paulton St,Lancaster Gate Ward,Greater London,W2 3JT,maryln@gmail.com,SF_BR_338,338
0018d000006ytVSBQT,Pearlie,Flori,Marine Safety International,4 Cochrane St,Iwade,Kent,ME9 8UJ,pearlie_flori@gmail.com,SF_BR_339,339
0018d000006ytVSBQU,Nina,Yaklin,Ramm Metals Inc,5679 Gloucester Pl,Calton Ward,,G40 4BH,nyaklin@hotmail.com,SF_BR_340,340
0018d000006ytVSBQV,Vivienne,Torrain,Finley Colmer & Co,45 Ledward St,Wilsden,West Yorkshire,BD15 0NJ,vivienne@hotmail.com,SF_BR_341,341
0018d000006ytVSBQW,Jacob,Kippel,,4 Monmouth Rd,Llwyn-y-Pia Community,Rhondda Cynon Taff,CF40 2JJ,jacob.kippel@yahoo.com,SF_BR_342,342
0018d000006ytVSBQX,Tula,Nahmias,"Anstoetter, Mark D Esq",64 Croyland St,Clackmannanshire South Ward,Clackmannanshire,FK10 2LA,tnahmias@nahmias.co.uk,SF_BR_343,343
0018d000006ytVSBQY,Berry,Scandalis,American Fine Foods Inc,4 Vivian St,Corporation Park Ward,Lancashire,BB2 6LB,berry.scandalis@gmail.com,SF_BR_96,96
0018d000006ytVSBQZ,Kaycee,Carsten,Dohn Law Offices Inc Ps,35 Dublin St,,Gloucestershire,GL7 2EY,kaycee.carsten@gmail.com,SF_BR_344,344
0018d000006ytVTBRB,Melvin,Setter,Rex Internatl,87 Pickup St,Franche Ward,Hereford and Worcester,DY10 2ZQ,melvin_setter@setter.co.uk,SF_BR_345,345
0018d000006ytVSBRB,Brianne,Matsumura,Bender & Associates,7 Cottenham St,Mossend and Holytown Ward,North Lanarkshire,ML1 4TD,brianne@matsumura.co.uk,SF_BR_346,346
0018d000006ytVTBRD,Eugene,Pelzer,Fashion Corner Inc,622 Holmes St,Heath Town Ward,Staffordshire,WV10 0AW,eugene_pelzer@gmail.com,SF_BR_347,347
0018d000006ytVSBRD,,Rohrs,C G Mccullough Insurance Agcy,40 Peters Lane,Long Preston,North Yorkshire,,margery@hotmail.com,SF_BR_348,348
0018d000006ytVSBRE,Noel,Sarra,Orkin Exterminating Co Inc,,Seaham,County Durham,SR7 0AR,nsarra@gmail.com,SF_BR_349,349
0018d000006ytVSBRF,Beula,Lingo,Bauer Coatings,65 Oban Rd,St. Austell,Cornwall,PL25 5AH,beula_lingo@yahoo.com,SF_BR_350,350
0018d000006ytVSBRG,Sheridan,Mckenize,Word & Image Workshop Inc,31 Davy St,,Devon,TQ7 4NF,sheridan.mckenize@hotmail.com,SF_BR_351,351
0018d000006ytVSBRH,Dino,Meinert,Container Decorating Inc,80 Ellerslie Rd,Trotton with Chithurst,West Sussex,GU31 5JN,dino.meinert@yahoo.com,SF_BR_352,352
0018d000006ytVSBRI,Rebbeca,Rubinstein,"Cullen, Jack J Esq",4 Sherwood St,Speke-Garston Ward,Merseyside,L24 6SH,rebbeca_rubinstein@hotmail.com,SF_BR_353,353
0018d000006ytVSBRJ,Celia,Reisling,Bridger Valley General Store,8362 Whithorn St,Leatherhead South Ward,Surrey,KT22 8AP,celia.reisling@hotmail.com,SF_BR_354,354
0018d000006ytVSBRK,Stefania,Weatherwax,Robert Vance Ltd,25 Dale St,Kirkintilloch East and Twechar,East Dunbartonshire,G66 3LX,sweatherwax@yahoo.com,SF_BR_355,355
0018d000006ytVSBRL,Leah,Luchterhand,Safeguard Chemical Corp,68 Scotland Place,Loughborough Hastings Ward,Leicestershire,LE11 2NX,,SF_BR_356,356
0018d000006ytVSBRM,Billy,Selma,Taylor Inn,338 Alfonso Rd,Alphington Ward,Devon,EX2 8LL,billy.selma@yahoo.com,SF_BR_76,76
0018d000006ytVSBRN,Doug,Lucore,"Barr, Albert S Iii",65 Rankin St,Woodford cum Membris,Northamptonshire,NN11 3QR,dlucore@yahoo.com,SF_BR_357,357
0018d000006ytVSBRO,Veronica,Mcclodden,Las Vegas Art Museum,8 Cookson St,Temple Newsam Ward,West Yorkshire,LS15 9EP,veronica@hotmail.com,SF_BR_329,329
0018d000006ytVSBRP,Laquanda,,Bayou Welding Works Inc,,Billesley Ward,West Midlands,B14 5HS,laquanda.kho@yahoo.com,SF_BR_358,358
0018d000006ytVSBRQ,Mohammad,Poitra,"Kenyon, William R Esq",363 Vandries St,Milton Ward,Essex,SS0 7TF,mpoitra@yahoo.com,SF_BR_359,359
0018d000006ytVSBRR,Mozell,Westad,Fox Vision Center,8 Gertrude St,Mossley,Greater Manchester,OL5 0QJ,mozell.westad@westad.co.uk,SF_BR_360,360
0018d000006ytVSBRS,Bronwyn,Bridgford,Edgemere Finance Company,826 Rumney Rd West,Dingwall and Seaforth Ward,Highland,IV15 9SD,bronwyn.bridgford@yahoo.com,SF_BR_361,361
0018d000006ytVSBRT,Jeff,Brossoit,Jeh Construction Co,954 Madelaine St,Central Ward,Wiltshire,,jeff.brossoit@yahoo.com,SF_BR_362,362
0018d000006ytVSBRU,,Hopman,Smith & Dekay Ps,7602 Brook St,Broomhill Ward,Nottinghamshire,NG18 9SZ,shopman@hopman.co.uk,SF_BR_363,363
0018d000006ytVSBRV,Chantay,Jirsa,Posey Company,966 Bower St,,Surrey,GU16 9BB,chantay_jirsa@jirsa.co.uk,SF_BR_364,364
0018d000006ytVSBRW,Keneth,Stpierrie,Mueller Repro Blue Printg,2 Seacombe St,Littleborough Lakeside Ward,Greater Manchester,OL15 0JP,keneth_stpierrie@hotmail.com,SF_BR_365,365
0018d000006ytVSBRX,Alton,Rampy,Reliable Metalcraft Inc,83 Battenburg St,Girvan and South Carrick Ward,South Ayrshire,KA26 0DY,alton_rampy@gmail.com,SF_BR_366,366
0018d000006ytVSBRY,Patrick,Teisberg,,2 Whitefield Rd,Leigh-on-Sea,Essex,SS9 2DJ,,SF_BR_367,367
0018d000006ytVSBRZ,Theron,,"Percival, Mark R Esq",,Wonersh,Surrey,GU5 0QU,theron@merriam.co.uk,SF_BR_368,368
0018d000006ytTSBSB,Pilar,Seelig,Demer Normann Smith Ltd,4 Ogwen St,Chichester,West Sussex,PO19 9PF,pilar@yahoo.com,SF_BR_369,369
0018d000006ytVSBSB,Lashunda,Argiro,Kluza Associates,205 Forge St,Stainburn,North Yorkshire,LS21 2LS,lashunda@yahoo.com,SF_BR_370,370
0018d000006ytTSBSD,Verda,Chiphe,Ardrox,999 Upper Harrington St,Earlestown Ward,Merseyside,WA12 9WX,vchiphe@chiphe.co.uk,SF_BR_371,371
0018d000006ytTSCSD,Ashley,Tropp,Everythings A Dollar,3 Greenleaf St,Blyth,Northumberland,NE24 2RY,ashley.tropp@gmail.com,SF_BR_170,170
0018d000006ytVSBSE,Vesta,Havely,Tool Service Company Inc,493 Wellington Rd,Upper Rawcliffe-with-Tarnacre,Lancashire,PR3 0UH,vhavely@havely.co.uk,SF_BR_372,372
0018d000006ytVSBSF,Emogene,Ritthaler,Mcdonald Service Station,1257 Stone St,,,HA6 1AN,emogene.ritthaler@yahoo.com,SF_BR_373,373
0018d000006ytVSBSG,Shayne,Mordhorst,Don Allen & Associates Pa,1 Bousfield St,Shrewsbury,Shropshire,SY3 8NG,smordhorst@mordhorst.co.uk,SF_BR_374,374
0018d000006ytVSBSH,Franchesca,Charry,"Cappello, A Barry Esq",59 Westminster Rd,Empress Ward,Hampshire,GU14 8AY,franchesca@gmail.com,SF_BR_375,375
0018d000006ytVSBSI,Elmira,Ringlein,"Hyland, Richard S Esq",143 Clark St,Halliwell Ward,Greater Manchester,,eringlein@gmail.com,SF_BR_376,376
0018d000006ytVSBSJ,Destiny,Madlem,Diesel Recon,421 Monument Place,Hartburn Ward,Stockton-on-Tees,TS21 1BA,destiny@yahoo.com,SF_BR_377,377
0018d000006ytVSBSK,Gaston,,Red Giant Foods Inc,,West Garioch Ward,Aberdeenshire,AB51 0HT,gaston.szumski@hotmail.com,SF_BR_378,378
0018d000006ytVSBSL,Ronna,Mittler,Bethesda Gazette,2767 Pembroke St,Roundway,Wiltshire,SN10 3FQ,ronna_mittler@hotmail.com,SF_BR_379,379
0018d000006ytVSBSM,Angelica,Poisso,Chemical Consultants,47 Orry St,Castleford Central and Glassho,West Yorkshire,WF10 4DW,apoisso@gmail.com,SF_BR_380,380
0018d000006ytVSBSN,Casie,Arzilli,Wenatchee Valley Fed Crdt Un,5 Noon St,Melton Dorian Ward,Leicestershire,LE13 0RG,casie@gmail.com,SF_BR_381,381
0018d000006ytVSBSO,Magdalene,Cocherell,Southern Interiors Inc,510 Belvidere Rd,Patching Hall Ward,Essex,CM1 4BY,magdalene_cocherell@yahoo.com,SF_BR_382,382
0018d000006ytVSBSP,Erasmo,Gath,Pan Optx,860 Rokeby St,Sunningdale,Berkshire,SL5 0AZ,egath@hotmail.com,SF_BR_383,383
0018d000006ytVSBSQ,Rosalia,Ziv,"Arias, Michele Ann Md",9362 Solomon St,Castle Ward,Northamptonshire,NN8 4DR,rosalia.ziv@ziv.co.uk,SF_BR_384,384
0018d000006ytVSBSR,Lyda,Cronholm,Print Shop,916 Strand St,Leek,Staffordshire,,lyda.cronholm@cronholm.co.uk,SF_BR_385,385
0018d000006ytVSBSS,Lisandra,Stueber,Wstu 1450 Am Radio Station,5 Bentinck St,Churchill Ward,Greater London,SW1V 3EW,lisandra_stueber@hotmail.com,SF_BR_386,386
0018d000006ytVSBST,Sabina,Prok,T J Ward & Associates Inc,954 Birchdale Rd,,Nottinghamshire,NG8 5PY,sabina.prok@prok.co.uk,SF_BR_387,387
0018d000006ytVSBSU,,Gomoran,Bell Service Systems Inc,7 Great Orford St,Callington,Cornwall,PL17 7DT,elenore_gomoran@yahoo.com,SF_BR_388,388
0018d000006ytVSBSV,Brynn,Capra,Magic Valley Irrigation Supply,488 Mulberry St,,Nottinghamshire,NG15 9AE,brynn_capra@yahoo.com,SF_BR_77,77
0018d000006ytVSBSW,Leeann,Flory,Fleetwood Area School District,1761 Johnstone St,Church Langley Ward,,CM17 9TZ,leeann@gmail.com,SF_BR_389,389
0018d000006ytVSASX,Janet,Steimer,Alaska State Troopers,8899 Mere Lane,Midlothian West Ward,City of Edinburgh,EH20 9SJ,janet_steimer@hotmail.com,SF_BR_390,390
0018d000006ytVSASY,Lewis,Mellom,Lasting Impressions,6 St Hilda St,Central Ward,South Yorkshire,S1 1EQ,lewis@yahoo.com,SF_BR_391,391
0018d000006ytVSASZ,Jestine,Driscol,Glass Express,,Grangemouth Ward,Falkirk,FK3 8UB,jestine_driscol@driscol.co.uk,SF_BR_392,392
0018d000006ytVSATA,Tatum,Parks,Quantum Consultants Inc,6061 Back Nile St,Rhos-on-Sea Community,Conwy,LL28 4NL,tparks@parks.co.uk,SF_BR_393,393
0018d000006ytVSATB,Kayleigh,,J A Associates,9735 Linton St,Kingswells,Aberdeenshire,,kayleigh.bendle@bendle.co.uk,SF_BR_394,394
0018d000006ytVSATC,Lili,Imondi,Ide Haigney & Radio,9 Herbert St,Blyth,Northumberland,NE24 3DQ,lili_imondi@hotmail.com,SF_BR_395,395
0018d000006ytVSATD,Sunshine,Senechal,"Dale, George F Esq",40 Cairo St,Warwick,Warwickshire,CV34 5LQ,sunshine.senechal@hotmail.com,SF_BR_396,396
0018d000006ytVSATE,Remona,Heier,M A C Insurance Agency,7199 St Clare Rd,Inverclyde South Ward,Inverclyde,PA16 7BT,remona.heier@heier.co.uk,SF_BR_397,397
0018d000006ytVSATF,,Carris,Audrey M Borland Studios,6 Conyers St,Hamilton South Ward,South Lanarkshire,ML3 7TE,,SF_BR_398,398
0018d000006ytVSATG,Dong,Oropeza,"Mayo, Timothy L Esq",8657 Cedar St,Kinross-shire Ward,Perth and Kinross,KY13 8EQ,doropeza@hotmail.com,SF_BR_399,399
0018d000006ytVSATH,Larue,Ocacio,"Hollett, Byron P Esq",,Daybrook Ward,Nottinghamshire,NG5 6JB,larue@yahoo.com,SF_BR_400,400
0018d000006ytVSATI,Goldie,Sonkens,Veri Nu Products Corp,6174 Botanic Pl,Ravensthorpe Ward,Cambridgeshire,PE3 7BJ,gsonkens@sonkens.co.uk,SF_BR_401,401
0018d000006ytVSATJ,Shelia,Plues,"Schen, Sanford E Md",9730 Dunnet St,Silloth-on-Solway,Cumbria,CA7 4RB,shelia@gmail.com,SF_BR_402,402
0018d000006ytVSATK,Narcisa,Araiza,Danka Business Systems,8783 High St,Milton,Cambridgeshire,,naraiza@hotmail.com,SF_BR_403,403
0018d000006ytVSATL,Evelynn,Frede,"Hasselberg, Michael R Esq",8 Breckfield Road North,Seaham,County Durham,SR7 0AZ,,SF_BR_404,404
0018d000006ytVSATM,Arlean,Calaf,Ed Miniat Inc,82 Waterhouse Lane,Llantrisant Community,Rhondda Cynon Taff,CF72 8LB,acalaf@yahoo.com,SF_BR_61,61
0018d000006ytVSATN,Tamra,Yu,Davis Commercial Contracting,2 Park Rd Walton,Lansdown Ward,Gloucestershire,GL50 2LF,tamra.yu@hotmail.com,SF_BR_405,405
0018d000006ytVSATO,Dusti,Maricle,"Garton, Jeffrey P Esq",59 Charles St,Victoria Ward,Kent,TN23 4GF,dusti@gmail.com,SF_BR_406,406
0018d000006ytVSATP,Aracelis,Donham,Sm Toth Baldridge & Van Belkum,593 Kinglake St,Fowlmere,,SG8 7TP,aracelis.donham@hotmail.com,SF_BR_407,407
0018d000006ytVSATQ,Filiberto,Fredrikson,Westoaks Glass,404 Aigburth St,Audley Ward,Lancashire,BB1 2AA,filiberto_fredrikson@gmail.com,SF_BR_408,408
0018d000006ytVSATR,Leana,Stackpole,,690 Copenhagen Rd,Warham,Norfolk,NR23 1NJ,lstackpole@yahoo.com,SF_BR_409,409
0018d000006ytVSATS,Man,Homer,Applied Robotic Tech Inc,,Mildmay Ward,Greater London,N1 4RF,man.homer@gmail.com,SF_BR_410,410
0018d000006ytVSATT,Lennie,Asley,Air Tech Streamlining,79 Pine St,Radcliffe West Ward,Greater Manchester,,lennie_asley@gmail.com,SF_BR_411,411
0018d000006ytVSATU,Arletta,Naomi,E Zaks & Co,9 Lodwick St,City and Hunslet Ward,West Yorkshire,LS1 8HZ,arletta_naomi@naomi.co.uk,SF_BR_192,192
0018d000006ytVSATV,Chana,Perera,Olden Camera & Lens Co Inc,9 Ogwen St,,North Lanarkshire,ML2 8LW,chana.perera@hotmail.com,SF_BR_412,412
0018d000006ytVSATW,Nell,Pao,"Madaus, Gerald F Jr",1730 Seymour St,Eastbrook Ward,Brighton and Hove,BN41 1QH,npao@gmail.com,SF_BR_413,413
0018d000006ytVSATX,Antonio,,Radisson Suite Hotel,35 Elton St,Ipplepen,Devon,TQ12 5LL,antonio.heilig@gmail.com,SF_BR_271,271
0018d000006ytVSATY,Gerald,Kernagis,Digital Solutions Inc,8 Hinton St,Stowting,Kent,TN25 6BQ,gerald_kernagis@kernagis.co.uk,SF_BR_414,414
0018d000006ytVSATZ,Sueann,Mandril,El Hispanic News,,Werrington,,ST9 0AH,smandril@hotmail.com,SF_BR_415,415
0018d000006ytVSAUA,Alayna,Hoyal,South Bldg Code Congres,70 Royal St,Banchory and Mid Deeside Ward,Aberdeenshire,AB31 4AH,alayna_hoyal@hotmail.com,SF_BR_416,416
0018d000006ytVSAUB,Talia,Marthe,Kenney Mfg Co,5 Minerva St,Westbury,Wiltshire,BA13 3QR,talia.marthe@gmail.com,SF_BR_417,417
0018d000006ytVSAUC,Pansy,Kopan,Oncor Inc,1 Northampton St,Madeley,Shropshire,TF7 4GA,pansy@kopan.co.uk,SF_BR_418,418
0018d000006ytVSAUD,Royce,Saik,Best Western Caprock Inn,2 Maple Grove,Kincorth,Aberdeenshire,AB12 5EJ,royce@hotmail.com,SF_BR_419,419
0018d000006ytVSAUE,,Sorrel,"Wiltgen, Nancy A Esq",794 Hook St,Benwell and Scotswood Ward,Tyne and Wear,NE15 7JA,cherelle_sorrel@gmail.com,SF_BR_420,420
0018d000006ytVSAUF,Dudley,Dibartolo,"Mcknight, H Vincent Jr",91 Ludlow St,Woodhouse Ward,Greater London,N12 0EF,dudley_dibartolo@yahoo.com,SF_BR_421,421
0018d000006ytVSAUG,Nettie,Aldaco,Miller Searl & Fitch,51 Freehold St,Wheatley Ward,"Yorkshire, South",DN2 4PP,nettie.aldaco@yahoo.com,SF_BR_422,422
0018d000006ytVSAUH,Carline,Bulcao,"Brenner, Steven G Esq",7 Hey Green Rd,Rothwell Ward,West Yorkshire,LS26 8XE,,SF_BR_423,423
0018d000006ytVSAUI,Shanda,,Western Packing Co,2476 Marsh St,Markhouse Ward,Greater London,E17 8NP,slunger@gmail.com,SF_BR_424,424
0018d000006ytVSAUJ,Emilio,Withers,Ardent Studios Inc,597 Threlfall St,,Devon,TQ7 2HS,emilio_withers@yahoo.com,SF_BR_262,262
0018d000006ytVSAUK,Lovetta,Study,Borton Petrini & Conron,1 Jervis St,High Barnet Ward,Greater London,EN5 4LH,lovetta@study.co.uk,SF_BR_425,425
0018d000006ytVSAUL,Felice,Gone,A F Supl Co Div Automtc Firing,7602 Grantham St,Hexham,Northumberland,NE46 1QQ,felice.gone@hotmail.com,SF_BR_426,426
0018d000006ytVSAUM,Stefania,Leadbeater,Murray Whisnant Architects,10 Carisbrooke St,Shorne,Kent,DA12 3ED,stefania_leadbeater@hotmail.com,SF_BR_427,427
0018d000006ytVSAUN,,Orloski,1893 Shops,78 Pine Grove,Stannington Ward,South Yorkshire,S6 5HE,margarita_orloski@yahoo.com,SF_BR_428,428
0018d000006ytVSAUO,Paul,Farrin,"Dering, James E Esq",7 Varthen St,Town Ward,Kent,,paul.farrin@farrin.co.uk,SF_BR_429,429
0018d000006ytVSAUP,Anglea,Tritten,Waltons Carson Gardens,,Astley Bridge Ward,Greater Manchester,BL1 8RG,anglea_tritten@hotmail.com,SF_BR_430,430
0018d000006ytVSAUQ,Ona,,Cohen And Fromm Pc,527 Harding St,Market Rasen,Lincolnshire,LN8 3AD,ona@yahoo.com,SF_BR_313,313
0018d000006ytVSAUR,Germaine,Hascall,Prg Company,1616 Menzies St,Tadworth and Walton Ward,Surrey,KT20 7PA,ghascall@hotmail.com,SF_BR_431,431
0018d000006ytVSAUS,Vicky,Schellenberge,Medlab Environmental Test Inc,3922 Leda St,Moreton Morrell,Warwickshire,CV35 9BX,vschellenberge@hotmail.com,SF_BR_432,432
0018d000006ytVSAUT,Carolann,Gross,Leem Company Inc,6352 Grosvenor St,Wombourne,Staffordshire,WV5 0LP,carolann@gross.co.uk,SF_BR_280,280
0018d000006ytVSAUU,Rusty,Adelsperger,"Clarke, James H Esq",4313 Princes Park Terrace,Launceston,Cornwall,PL15 9QN,rusty.adelsperger@yahoo.com,SF_BR_433,433
0018d000006ytVSAUV,Cassandra,Bludworth,Lykes Bros Inc,9 Sydney Place,Henllan Community,Conwy,LL16 5AF,cbludworth@yahoo.com,SF_BR_434,434
0018d000006ytVSAUW,Teresita,Gesell,Mason Insurance Agency Inc,2015 Suburban Rd,,Greater London,N16 6TD,teresita_gesell@hotmail.com,SF_BR_435,435
0018d000006ytVSAUX,Evangelina,Gius,J T Painting Corp,,Glastonbury,Somerset,BA6 8EY,evangelina.gius@yahoo.com,SF_BR_436,436
0018d000006ytVSAUY,Marlon,Tromblay,Solomon Metals Inc,46 Stevenson St,West End Ward,Dundee City,DD1 5EF,mtromblay@yahoo.com,SF_BR_437,437
0018d000006ytVSAUZ,Quiana,,Looking Good,1400 Ash St,Thorpe Hamlet Ward,Norfolk,NR1 4HS,quiana_scarsella@hotmail.com,SF_BR_438,438
0018d000006ytVSAVA,Viki,Humeniuk,Guldstrand Engineering Inc,8822 Trafalgar St,,Kent,ME18 6JE,vhumeniuk@gmail.com,SF_BR_439,439
0018d000006ytVSAVB,Domitila,Weissmann,"Ciocia, James A Esq",28 Berwick St,Moordown Ward,Bournemouth,BH9 1TT,domitila@gmail.com,SF_BR_440,440
0018d000006ytVSAVC,Ivan,Aronov,Center For Pediatrics,94 Regent St,Over Kellet,Lancashire,LA6 1DB,ivan@gmail.com,SF_BR_441,441
0018d000006ytVSAVD,,Baldock,William A Geppert True Value,30 Marine Parade,Staina Ward,Lancashire,FY5 4FN,anabel_baldock@hotmail.com,SF_BR_442,442
0018d000006ytVSAVE,Carlton,Blyler,Hardware Specialty Co Inc,8 Pim Hill St,Portobello,,EH15 2HW,carlton@blyler.co.uk,SF_BR_443,443
0018d000006ytVSAVF,Rashida,Vera,Creative Consultants,8451 Bengel St,Brixham,Devon,TQ5 9JW,,SF_BR_444,444
0018d000006ytVSAVG,Sherron,Knodel,Fhk Corp,159 Carlton St,Windle Ward,Merseyside,WA10 6QG,sherron@knodel.co.uk,SF_BR_445,445
0018d000006ytVSAVH,Cora,Mossing,Regis Brd Pro Engrs & Land,38 Raffles St,Newmarket,Cambridgeshire,CB8 8QE,cora@yahoo.com,SF_BR_446,446
0018d000006ytVSAVI,Altha,Tischner,Male Power Ltd,650 Goring St,Rainham South Ward,Kent,,altha@hotmail.com,SF_BR_447,447
0018d000006ytVSAVJ,Dortha,Yaccarino,Atc Power Systems,6 Chestnut St,Gwersyllt Community,,LL11 4RJ,dortha@hotmail.com,SF_BR_448,448
0018d000006ytVSAVK,Diego,Augle,Farmers Electric Co Op Inc,,Walcot Ward,Bath Avon,BA1 6EF,diego.augle@gmail.com,SF_BR_449,449
0018d000006ytVSAVL,Peggy,Khov,"Goldberg, Stephen M Esq",328 Pallas St,Longford Ward,Greater Manchester,M32 8LJ,peggy.khov@gmail.com,SF_BR_450,450
0018d000006ytVSAVM,Walton,Yuki,Best Wstrn Host Mtr Htl Palm,9 Waltham Rd,Yealmpton,Devon,PL8 2NS,,SF_BR_451,451
0018d000006ytVSAVN,Vallie,Yafaie,Micro Lan,352 Strathmore Rd,Shiphay-with-the-Willows Ward,Devon,TQ2 7JB,,SF_BR_452,452
0018d000006ytVSAVO,Tony,Diazdeleon,Dilling Harris Inc,529 Llanrwst St,Southam,Gloucestershire,GL52 8TW,tony@gmail.com,SF_BR_453,453
0018d000006ytVSAVP,Val,Villot,Horizon Air Magazine,1980 Tynemouth St,Almond Ward,West Lothian,EH52 5PY,val@yahoo.com,SF_BR_454,454
0018d000006ytVSAVQ,Mel,Picciuto,Avante Limited,8598 Rumney Rd,Hylands Ward,Essex,RM11 1QL,mel.picciuto@gmail.com,SF_BR_455,455
0018d000006ytVSAVR,Isabella,Piatkowski,,9283 Ruth St,Dormers Wells Ward,Greater London,UB1 2FH,isabella_piatkowski@piatkowski.co.uk,SF_BR_456,456
0018d000006ytVSAVS,Erasmo,Rhea,Martin Morrissey,5544 Sutherland St,Mortehoe,Devon,,erasmo_rhea@hotmail.com,SF_BR_233,233
0018d000006ytVSAVT,Ivory,Lohrenz,Auto Body Color,9 Jackson St,Parr Ward,Merseyside,WA9 3QW,ivory@hotmail.com,SF_BR_457,457
0018d000006ytVSAVU,Nikita,Walka,"Fred, Anthony Esq",3612 Bixteth St,Hucknall North Ward,Nottinghamshire,NG15 8DD,nwalka@hotmail.com,SF_BR_458,458
0018d000006ytVSAVV,Aleta,Ligons,Advantage Bookkeeping,4545 Victoria Rd,Kilbirnie and Beith Ward,North Ayrshire,KA15 1AT,aleta_ligons@hotmail.com,SF_BR_459,459
0018d000006ytVSAVW,Owen,Jentzen,Capital Fasteners Inc,5 Hampden St,Liscard Ward,Merseyside,CH45 4RN,owen_jentzen@jentzen.co.uk,SF_BR_460,460
0018d000006ytVSAVX,,Fling,Cumberland Vacuum Products,6452 Pilgrim St,Seven Sisters Ward,,N15 6TH,pfling@fling.co.uk,SF_BR_461,461
0018d000006ytVSAVY,Tijuana,Machalek,"Schwartz, Thomas E Esq",1149 Highfield Rd,Fareham South Ward,Hampshire,PO14 9JJ,tijuana.machalek@gmail.com,SF_BR_462,462
0018d000006ytVSAVZ,Ahmad,Alsaqri,Alliance Construction Co Inc,21 Pickwick St,Sutton cum Duckmanton,Derbyshire,S44 5DS,ahmad.alsaqri@yahoo.com,SF_BR_463,463
0018d000006ytVSAWA,Jamika,Conoly,"Keller, Raymond C",19 Soho St,Whitley Ward,Berkshire,RG1 9XH,jamika_conoly@conoly.co.uk,SF_BR_464,464
0018d000006ytVSAWB,Derrick,Dolloff,Proto Tek Manufacturing,236 Blantyre Rd,Everton Ward,Merseyside,L6 2EN,derrick_dolloff@gmail.com,SF_BR_465,465
0018d000006ytVSAWC,Jacquelyne,Reibman,Great Clips For Hair,70 Lilly Rd,,Greater London,CR0 7PT,jacquelyne_reibman@yahoo.com,SF_BR_466,466
0018d000006ytVSAWD,Zachary,Freeburger,Country Kitchen,58 Gloucester Rd,Holbrook,Derbyshire,DE56 0TX,zachary.freeburger@freeburger.co.uk,SF_BR_467,467
0018d000006ytVSAWE,Sophia,Gaucher,T C E Systems Inc,88 Upper Harrington St,North East Ward,North Lanarkshire,,sophia.gaucher@hotmail.com,SF_BR_468,468
0018d000006ytVSAWF,Isabelle,Kono,Rock Springs Petroleum Equip,4920 Fazakerley Rd,Plymstock Dunstone Ward,Devon,PL9 8RD,isabelle.kono@yahoo.com,SF_BR_469,469
0018d000006ytVSAWG,Ronnie,Brigman,Howard Johnson,6 Morley St,Batchwood Ward,Hertfordshire,AL3 5JN,ronnie@brigman.co.uk,SF_BR_470,470
0018d000006ytVSAWH,Krystina,Schlabaugh,Harris Oldsmobile Inc,,Salvington Ward,West Sussex,BN13 3FL,kschlabaugh@schlabaugh.co.uk,SF_BR_471,471
0018d000006ytVSAWI,Rosita,Ausdemore-Roger,"Jurdem, Scott Esq",8 Heathfield St,Hailsham,East Sussex,BN27 1AJ,rausdemore@hotmail.com,SF_BR_472,472
0018d000006ytVSAWJ,Huey,Stancil,Lindner Funds,275 Peel Sq,Park Ward,North Eart Lincolnshire,DN32 0PT,hstancil@hotmail.com,SF_BR_473,473
0018d000006ytVSAWK,Elbert,Fiorino,"Donald, G Nelson Esq",726 Westmoreland Place,Ballochmyle Ward,East Ayrshire,KA5 6EL,,SF_BR_474,474
0018d000006ytVSAWL,Pura,Manciel,Cia Inspection,7 Water St,Priory Heath Ward,Suffolk,IP3 9RB,pura.manciel@yahoo.com,SF_BR_475,475
0018d000006ytVSAWM,Alesia,Katie,Nelsons Trmt & Pest Cntrl Co,4 Covent Garden,Farnworth Ward,Greater Manchester,BL4 7AF,alesia_katie@gmail.com,SF_BR_204,204
0018d000006ytVSAWN,Avery,Veit,Plaza Gourmet Delicatessen,9166 Devon St,Knightsbridge and Belgravia Wa,Greater London,SW1W 8JY,avery@veit.co.uk,SF_BR_145,145
0018d000006ytVSAWO,Reid,Euresti,"Fitzgerald, Edward J",70 Foster St,Inverness Ness-Side Ward,Highland,IV2 6WT,reuresti@euresti.co.uk,SF_BR_476,476
0018d000006ytVSAWP,Charlette,,Furey & Associates,714 Fonthill Rd,Darton West Ward,South Yorkshire,S75 5EJ,cbrenning@brenning.co.uk,SF_BR_233,233
0018d000006ytVSAWQ,Celestina,Keeny,Bfg Federal Credit Union,9 Milton St,Consett North ED,,DH8 5LP,celestina_keeny@gmail.com,SF_BR_151,151
0018d000006ytVSAWR,,Richan,Nelson Wright Haworth Golf Crs,6 Norwood Grove,Tanworth-in-Arden,Warwickshire,B94 5RZ,mi@hotmail.com,SF_BR_477,477
0018d000006ytVSAWS,Ben,Mcmahan,Mcmahan & Brinkley,,,Lincolnshire,,benm@gmail.com,SF_BR_4,4
0018d000006ytVSAWT,,Villot,Villot Corp,,Almond Ward,West Lothian,,val@yahoo.com,SF_BR_454,454
0018d000006ytVSAWU,,Adelsperger,RustBucket Inc,,,,PL15 9QN,rusty.adelsperger@yahoo.com,SF_BR_433,433
0018d000006ytVSAWV,Lyda,,Print Shop,,,,ST15 6JE,,SF_BR_385,385
0018d000006ytVSAWW,Krystina,,Harris Oldsmobile,,,West Sussex,,kschlabaugh@schlabaugh.co.uk,SF_BR_471,471
0018d000006ytVSAWX,Aleta,Ligons,Advantage Bookkeepers,,,,,aleta_ligons@hotmail.com,SF_BR_459,459
0018d000006ytVSAWY,Dortha,,Atc Power Sys,,,Liverpool,LL11 4RJ,dortha@hotmail.com,SF_BR_448,448
0018d000006ytVSAWZ,Rashida,Vera,Creative Consultants,8451 Bengel St,Brixham,Devon,TQ5 9JW,,SF_BR_444,444
0018d000006ytVSAXA,Shanda,Lungerar,Western Packing Co,2476 Marsh St,Markhouse Ward,Greater London,E17 8NP,slunger@gmail.com,SF_BR_424,424
0018d000006ytVSAXB,Cherelle,Sorrel,Cherelle Belle Co,794 Hook St,Benwell and Scotswood Ward,Tyne and Wear,NE15 7JA,cherelle_sorrel@gmail.com,SF_BR_420,420
0018d000006ytVSAXC,Elenore,Gomoran,Bell Service Systems Inc,,,Cornwall,,elenore_gomoran@yahoo.com,SF_BR_388,388
0018d000006ytVSAXD,Felice,Gone,A F Suplliers,,,Northumberland,NE46 1QQ,felice.gone@hotmail.com,SF_BR_426,426
0018d000006ytVSAXE,Felicity,Hopman,Smith & Dekay Ps,7602 Brook St,Broomhill Ward,Nottinghamshire,NG18 9SZ,shopman@hopman.co.uk,SF_BR_363,363
0018d000006ytVSAXF,Ben,,"Mcmahan, Ben L",505 Exeter Rd,Hawerby cum Beesby,Lincolnshire,DN36 5RP,,SF_BR_4,4
0018d000006ytVSAXG,Vernice,Sperazza,"Novak, Alan Paul",8921 Forge St,Slopton,Buckinghamshire,SL3 0PY,vernice@yahoo.com,SF_BR_38,38
0018d000006ytVSAXH,Billy,Selma,Taylor Inn,338 Alfonso Rd,Alphington Ward,Devon,EX2 8LL,billy.selma@yahoo.com,SF_BR_76,76
0018d000006ytVSAXI,Cornell,Mccrossin,"Cheek, John D Esq",623 Cornhill,Stretton,Staffordshire,DE13 0DH,cornell.mccrossin@mccrossin.co.uk,SF_BR_321,321
0018d000006ytVSAXJ,,Glasford,Saint Thomas Creations,24 Cromwell Avenue,Gaer Community,Newport,NP20 3DE,,SF_BR_271,271
0018d000006ytVSAXK,Shaunna,Rodam,Engelbrecht Ackerman & Hassman,,,,,shaunna.rodamis@yahoo.com,SF_BR_202,202
0018d000006ytVSAXL,Luther,Alsman,Crossroads Travel,,,,,luther@gmail.com,SF_BR_121,121
0018d000006ytVSAXM,Eleni,Vanscoik,Vanscoik & Sons,,,,,,SF_BR_307,307
0018d000006ytVSAXN,Parla,Aloi,"Duffield, Michael C",6 Cannock St,Scarcroft,West Yorkshire,LS14 3BW,paloi@hotmail.com,SF_BR_162,162
0018d000006ytVSAXO,Pilar,Seelig,Demer Normann Smith,,Chichester,,PO19 9PF,pilar@gmail.com,SF_BR_369,369
0018d000006ytVSAXP,Carolynn,Atkison,Dorval Trading Co Ltd,7901 Beech St,St. Helier Ward,Southampton,SM4 5PY,carolynn.atkison@hotmail.com,SF_BR_302,302
0018d000006ytVSAXQ,Maia,,Pigeon Falls,,Deal,Kent-Upon-Severn,CT14 9QJ,,SF_BR_212,212
0018d000006ytVSAXR,Tran,Mandi,North Rockland Educational Federal Credit Union,,,,B70 6DR,tran.mandiola@hotmail.com,SF_BR_151,151
0018d000006ytVSAXS,,Mordhorst,Don Allen Associates Pa,1 Bousfield St,Shrewsbury,Shropshire,SY3 8NG,,SF_BR_374,374
0018d000006ytVSAXT,,Fleckles,L Winik & Associates Inc,8764 Nickleby St,Govan Ward,,G51 1BQ,malcom.fleckles@gmail.com,SF_BR_93,93
0018d000006ytVSAXU,Janella,Altobell,Shannon Paul,3768 Hey Green Rd,Hartshill,Warwickshire,CV10 0TH,jaltobell@hotmail.com,SF_BR_149,149
0018d000006ytVSAXV,Lenny,,Wise Industries,6 Romilly St,,Tyne and Wear,NE6 4YH,,SF_BR_90,90
0018d000006ytVSAXW,Anika,Marse,Milton Terry Ass.,231 Wordsworth St,Harrow Weald Ward,Greater London,,anika@marse.co.uk,SF_BR_328,328
0018d000006ytVSAXX,Evangelina,Zigomalas,Capgemini,5 Binney St,Abbey Ward,Buckinghamshire,HP11 2AX,evan.zigomalas@gmail.com,SF_BR_2,2
0018d000006ytVSAXY,Luther,Alsman Roger,Crossroads Travel Service,227 Albert Terrace,Belvedere Ward,London,DA17 6EF,luther@gmail.com,SF_BR_121,121
0018d000006ytVSAXZ,Sol,Cowser,Omni Mandalay,6448 Tillard St,Conisbrough and Denaby Ward,,DN12 4JF,sol@gmail.com,SF_BR_64,64
0018d000006ytVSAYA,Shaunna,,Engelbrecht Ackerman & Hassman,5 Gainsborough Rd,Newington Ward,Greater London,SE1 6EH,shaunna.rodamis@yahoo.com,SF_BR_202,202
0018d000006ytVSAYB,Fernanda,,K&R Associates,620 Northampton St,,Kent,DA2 7PP,fernanda@writer.co.uk,SF_BR_11,11
0018d000006ytVSAYC,Dominga,Whitrock,"Nohr, Katharine M Esq",763 Roscoe St,Lobley Hill and Bensham Ward,Tyne & Wear,,dominga@whitrock.co.uk,SF_BR_319,319
0018d000006ytVSAYD,Edward,,Kaysers Nutrition Center,1267 Audley St,Ise Lodge Ward,Northamptonshire,,edward_strejan@gmail.com,SF_BR_240,240
0018d000006ytVSAYE,Angelica,Poisso,Chemical Consultants,,Castleford Central and Glassho,West Yorkshire,WF10 4DW,apoisso@hotmail.com,SF_BR_380,380
0018d000006ytVSAYF,Paola,Dease,Sunderland Publishing Co,94 Enid St,,Kent,CT7 9BG,pdease@gmail.com,SF_BR_119,119
0018d000006ytVSAYG,Vicente,Rawicki,BS Tool And Cutter Inc,3060 St Ambrose Grove,Aldridge Central and South War,West Midlands,WS9 8UR,,SF_BR_39,39
0018d000006ytVSAYH,Laura,Gumaer,C Leasing Company,1779 Bird St,East Sheen Ward,Greater London,SW14 8JZ,laura_gumaer@gmail.com,SF_BR_267,267
0018d000006ytVSAYI,Madalyn,,L & M Industrial Chemicals Inc,1 Lower Burlington St,,Kent,DA11,madalyn.dubberly@gmail.com,SF_BR_207,207
0018d000006ytVSAYJ,Eve,Hoffstot,Domestic Intrntl Techlgy Ltd,Arrow Street,Kirk Hammerton,York,YO26 8DA,eve.hoffstot@yahoo.com,SF_BR_274,274
0018d000006ytVSBYK,,Pomarico,Kxlt Radio (k 108 Fm),29 Greenleaf St,Llangristiolus Community,Isle of Anglesey,LL62 5HD,spomarico@hotmail.com,SF_BR_268,268
0018d000006ytVSBYE,Charlesetta,Erm,"Cain, John M Esquires",5 Hygeia St,,Derbyshire,S40 4LY,,SF_BR_12,12
0018d000006ytVSBYF,Shaq,Featherston,General Truck Part & Equipment,,Chadderton Central Ward,Greater Manchester,OL9 0NS,shaquana@hotmail.com,SF_BR_252,252
0018d000006ytVSBYG,Leonie,Devereux,Cash 4 Check,88 Vernon St,Dunbar and East Linton Ward,East Lothian,EH42 1SJ,leonie_devereux@gmail.com,SF_BR_285,285
0018d000006ytVSBYH,,Sonkens,Veri Nu,6174 Botanic Pl,Ravensthorpe Ward,Cambridgeshire,,gsonkens@sonkens.co.uk,SF_BR_401,401
0018d000006ytVSBYI,Ardella,Goldrup,Bedford Books St Martins Prs,3145 Rhyl St,,E Riding of Yorkshire,YO43 3QE,ardella.goldrup@goldrup.co.uk,SF_BR_258,258
